enrollment_id,student_id,course_id,term_code,grade_point,grade_letter,completion_status,feedback_rating,hours_per_week,engagement_score
ENR-00006,STU-0001,MAC-COMP-8340,2025F,2.75,B,completed,3.0,11.6,0.7
ENR-00007,STU-0001,MAC-BU-7600,2025F,3.44,A-,completed,5.0,13.0,0.54
ENR-00008,STU-0001,MAC-BU-7500,2025F,3.53,A-,completed,4.0,8.5,0.72
ENR-01181,STU-0001,MAC-COMP-8390,2025F,4.0,A+,completed,3.0,11.6,0.9
ENR-01418,STU-0001,MAC-COMP-8590,2025F,3.0,B,completed,5.0,10.5,0.71
ENR-01472,STU-0001,MAC-COMP-8610,2025F,3.0,B,completed,3.0,10.9,0.83
ENR-01769,STU-0001,MAC-BU-8130,2025F,3.0,B,completed,3.0,11.4,0.6
ENR-01969,STU-0001,MAC-COMP-8390,2025F,4.0,A+,completed,3.0,11.6,0.9
ENR-02206,STU-0001,MAC-COMP-8590,2025F,3.0,B,completed,5.0,10.5,0.71
ENR-02260,STU-0001,MAC-COMP-8610,2025F,3.0,B,completed,3.0,10.9,0.83
ENR-02557,STU-0001,MAC-BU-8130,2025F,3.0,B,completed,3.0,11.4,0.6
ENR-00002,STU-0001,MAC-COMP-8470,2025S,3.26,B+,completed,3.0,9.3,0.45
ENR-00003,STU-0001,MAC-COMP-8250,2025S,2.64,B-,completed,4.0,13.0,0.67
ENR-00004,STU-0001,MAC-COMP-8220,2025S,3.31,A-,completed,3.0,9.8,0.61
ENR-00005,STU-0001,MAC-COMP-8150,2025S,3.37,A-,completed,3.0,9.7,0.58
ENR-01093,STU-0001,MAC-COMP-8207,2025S,3.0,B,completed,5.0,8.4,0.52
ENR-00020,STU-0002,MAC-BU-7700,2025F,3.17,B+,completed,3.0,12.9,0.58
ENR-01106,STU-0002,MAC-COMP-8207,2025F,3.67,A-,completed,4.0,8.2,0.44
ENR-01894,STU-0002,MAC-COMP-8207,2025F,3.67,A-,completed,4.0,8.2,0.44
ENR-00014,STU-0002,MAC-COMP-8470,2025S,3.27,B+,completed,3.0,6.6,0.62
ENR-00015,STU-0002,MAC-COMP-8340,2025S,2.97,B,completed,4.0,13.1,0.86
ENR-00016,STU-0002,MAC-COMP-8220,2025S,3.78,A,completed,4.0,7.7,0.5
ENR-00017,STU-0002,MAC-COMP-8150,2025S,3.2,B+,completed,4.0,7.5,0.85
ENR-00013,STU-0002,MAC-COMP-8110,2025W,2.88,B,completed,3.0,9.0,0.78
ENR-01814,STU-0002,MAC-BU-8140,2026F,3.67,A-,completed,4.0,7.8,0.45
ENR-02602,STU-0002,MAC-BU-8140,2026F,3.67,A-,completed,4.0,7.8,0.45
ENR-00021,STU-0002,MAC-COMP-8250,2026W,3.55,A-,completed,5.0,7.4,0.63
ENR-00022,STU-0002,MAC-BU-7600,2026W,2.6,B-,completed,4.0,6.7,0.58
ENR-00031,STU-0003,MAC-BU-7700,2025F,3.36,A-,completed,3.0,8.4,0.59
ENR-00033,STU-0003,MAC-COMP-8890,2025F,3.36,A-,completed,5.0,7.0,0.53
ENR-01439,STU-0003,MAC-COMP-8590,2025F,3.0,B,completed,4.0,8.6,0.55
ENR-01645,STU-0003,MAC-COMP-8790,2025F,2.33,C+,completed,4.0,8.6,0.89
ENR-02227,STU-0003,MAC-COMP-8590,2025F,3.0,B,completed,4.0,8.6,0.55
ENR-02433,STU-0003,MAC-COMP-8790,2025F,2.33,C+,completed,4.0,8.6,0.89
ENR-00026,STU-0003,MAC-COMP-8150,2025S,3.44,A-,completed,5.0,13.4,0.76
ENR-00027,STU-0003,MAC-COMP-8470,2025S,2.88,B,completed,5.0,9.8,0.81
ENR-00028,STU-0003,MAC-COMP-8340,2025S,3.83,A,completed,4.0,12.4,0.73
ENR-00029,STU-0003,MAC-COMP-8250,2025S,3.29,B+,completed,3.0,9.7,0.62
ENR-00025,STU-0003,MAC-COMP-8110,2025W,3.48,A-,completed,4.0,8.0,0.46
ENR-00034,STU-0004,MAC-COMP-8110,2025F,3.46,A-,completed,3.0,11.4,0.93
ENR-01028,STU-0004,MAC-COMP-8130,2025S,3.33,B+,completed,4.0,10.4,0.86
ENR-01816,STU-0004,MAC-COMP-8130,2025S,3.33,B+,completed,4.0,10.4,0.86
ENR-00040,STU-0004,MAC-BU-7600,2026S,2.58,B-,completed,5.0,6.6,0.91
ENR-00042,STU-0004,MAC-COMP-8890,2026S,3.43,A-,completed,4.0,6.8,0.74
ENR-01323,STU-0004,MAC-COMP-8540,2026S,3.33,B+,completed,3.0,8.9,0.62
ENR-01464,STU-0004,MAC-COMP-8610,2026S,3.0,B,completed,3.0,7.3,0.71
ENR-02111,STU-0004,MAC-COMP-8540,2026S,3.33,B+,completed,3.0,8.9,0.62
ENR-02252,STU-0004,MAC-COMP-8610,2026S,3.0,B,completed,3.0,7.3,0.71
ENR-00035,STU-0004,MAC-COMP-8250,2026W,3.86,A,completed,3.0,8.3,0.63
ENR-00036,STU-0004,MAC-COMP-8150,2026W,2.68,B-,completed,4.0,6.1,0.73
ENR-00043,STU-0005,MAC-COMP-8110,2025F,2.92,B,completed,4.0,12.0,0.66
ENR-01042,STU-0005,MAC-COMP-8130,2026F,3.67,A-,completed,4.0,12.0,0.82
ENR-01294,STU-0005,MAC-COMP-8500,2026F,3.8,A,completed,3.0,11.4,0.64
ENR-01660,STU-0005,MAC-COMP-8790,2026F,3.33,B+,completed,3.0,7.8,0.75
ENR-01830,STU-0005,MAC-COMP-8130,2026F,3.67,A-,completed,4.0,12.0,0.82
ENR-02082,STU-0005,MAC-COMP-8500,2026F,3.8,A,completed,3.0,11.4,0.64
ENR-02448,STU-0005,MAC-COMP-8790,2026F,3.33,B+,completed,3.0,7.8,0.75
ENR-01111,STU-0005,MAC-COMP-8207,2026S,3.0,B,completed,4.0,6.0,0.59
ENR-01171,STU-0005,MAC-COMP-8390,2026S,4.0,A+,completed,5.0,7.9,0.83
ENR-01899,STU-0005,MAC-COMP-8207,2026S,3.0,B,completed,4.0,6.0,0.59
ENR-01959,STU-0005,MAC-COMP-8390,2026S,4.0,A+,completed,5.0,7.9,0.83
ENR-00044,STU-0005,MAC-COMP-8150,2026W,3.81,A,completed,4.0,8.2,0.72
ENR-00045,STU-0005,MAC-COMP-8340,2026W,3.3,A-,completed,5.0,12.7,0.45
ENR-00053,STU-0006,MAC-COMP-8250,2025F,2.87,B,completed,5.0,6.3,0.65
ENR-00054,STU-0006,MAC-COMP-8220,2025F,3.37,A-,completed,5.0,6.6,0.59
ENR-00055,STU-0006,MAC-BU-7500,2025F,3.32,A-,completed,5.0,6.4,0.83
ENR-01208,STU-0006,MAC-COMP-8490,2025F,3.0,B,completed,5.0,13.6,0.42
ENR-01996,STU-0006,MAC-COMP-8490,2025F,3.0,B,completed,5.0,13.6,0.42
ENR-00049,STU-0006,MAC-COMP-8150,2025S,3.53,A-,completed,3.0,7.9,0.47
ENR-00050,STU-0006,MAC-COMP-8340,2025S,4.0,A+,completed,4.0,8.9,0.59
ENR-00051,STU-0006,MAC-COMP-8470,2025S,2.87,B,completed,4.0,6.0,0.47
ENR-01076,STU-0006,MAC-COMP-8130,2025S,3.67,A-,completed,3.0,11.9,0.49
ENR-01864,STU-0006,MAC-COMP-8130,2025S,3.67,A-,completed,3.0,11.9,0.49
ENR-00048,STU-0006,MAC-COMP-8110,2025W,3.77,A,completed,5.0,7.9,0.66
ENR-01306,STU-0006,MAC-COMP-8500,2026F,3.8,A,completed,4.0,7.0,0.89
ENR-02094,STU-0006,MAC-COMP-8500,2026F,3.8,A,completed,4.0,7.0,0.89
ENR-00065,STU-0007,MAC-COMP-8250,2025F,3.64,A-,completed,5.0,13.3,0.57
ENR-00066,STU-0007,MAC-COMP-8340,2025F,2.97,B,completed,3.0,13.6,0.67
ENR-00067,STU-0007,MAC-BU-7600,2025F,2.98,B,completed,5.0,6.6,0.71
ENR-00061,STU-0007,MAC-COMP-8150,2025S,3.55,A-,completed,5.0,7.7,0.85
ENR-00062,STU-0007,MAC-COMP-8220,2025S,3.25,B+,completed,4.0,11.1,0.69
ENR-00064,STU-0007,MAC-COMP-8470,2025S,3.12,B+,completed,3.0,6.7,0.84
ENR-01416,STU-0007,MAC-COMP-8590,2025S,4.0,A+,completed,3.0,7.4,0.87
ENR-02204,STU-0007,MAC-COMP-8590,2025S,4.0,A+,completed,3.0,7.4,0.87
ENR-00060,STU-0007,MAC-COMP-8110,2025W,3.14,B+,completed,5.0,11.3,0.48
ENR-01087,STU-0007,MAC-COMP-8207,2026F,3.0,B,completed,5.0,13.4,0.7
ENR-01186,STU-0007,MAC-COMP-8390,2026F,3.67,A-,completed,5.0,7.3,0.64
ENR-01666,STU-0007,MAC-COMP-8790,2026F,3.67,A-,completed,4.0,10.8,0.79
ENR-01875,STU-0007,MAC-COMP-8207,2026F,3.0,B,completed,5.0,13.4,0.7
ENR-01974,STU-0007,MAC-COMP-8390,2026F,3.67,A-,completed,5.0,7.3,0.64
ENR-00077,STU-0008,MAC-COMP-8340,2025F,3.81,A,completed,3.0,11.2,0.58
ENR-00078,STU-0008,MAC-BU-7500,2025F,3.36,A-,completed,3.0,10.0,0.58
ENR-00079,STU-0008,MAC-BU-7600,2025F,3.18,B+,completed,3.0,7.2,0.49
ENR-01408,STU-0008,MAC-COMP-8590,2025F,3.67,A-,completed,4.0,11.0,0.54
ENR-02196,STU-0008,MAC-COMP-8590,2025F,3.67,A-,completed,4.0,11.0,0.54
ENR-00073,STU-0008,MAC-COMP-8250,2025S,3.6,A-,completed,5.0,8.8,0.63
ENR-00074,STU-0008,MAC-COMP-8150,2025S,3.49,A-,completed,3.0,9.2,0.52
ENR-00075,STU-0008,MAC-COMP-8220,2025S,2.83,B,completed,4.0,14.0,0.87
ENR-00076,STU-0008,MAC-COMP-8470,2025S,3.63,A-,completed,5.0,6.4,0.74
ENR-01423,STU-0009,MAC-COMP-8590,2025F,3.33,B+,completed,5.0,8.8,0.92
ENR-02211,STU-0009,MAC-COMP-8590,2025F,3.33,B+,completed,5.0,8.8,0.92
ENR-00087,STU-0009,MAC-BU-7500,2025W,3.14,B+,completed,3.0,9.8,0.88
ENR-00088,STU-0009,MAC-BU-7700,2025W,2.64,B-,completed,3.0,11.6,0.59
ENR-01620,STU-0009,MAC-COMP-8740,2026F,3.33,B+,completed,5.0,6.6,0.89
ENR-01803,STU-0009,MAC-BU-8140,2026F,3.33,B+,completed,4.0,11.2,0.55
ENR-02408,STU-0009,MAC-COMP-8740,2026F,3.33,B+,completed,5.0,6.6,0.89
ENR-02591,STU-0009,MAC-BU-8140,2026F,3.33,B+,completed,4.0,11.2,0.55
ENR-01259,STU-0009,MAC-COMP-8490,2026W,3.67,A-,completed,5.0,13.7,0.78
ENR-00091,STU-0010,MAC-COMP-8220,2025S,3.27,B+,completed,4.0,9.9,0.5
ENR-00092,STU-0010,MAC-COMP-8250,2025S,2.84,B,completed,5.0,10.4,0.77
ENR-00093,STU-0010,MAC-COMP-8150,2025S,3.54,A-,completed,4.0,10.0,0.78
ENR-00089,STU-0010,MAC-COMP-8110,2025W,3.56,A-,completed,4.0,12.6,0.92
ENR-01350,STU-0010,MAC-COMP-8540,2026F,3.8,A,completed,4.0,7.8,0.53
ENR-02138,STU-0010,MAC-COMP-8540,2026F,3.8,A,completed,4.0,7.8,0.53
ENR-01288,STU-0010,MAC-COMP-8500,2026S,3.0,B,completed,4.0,11.5,0.6
ENR-01739,STU-0010,MAC-BU-8130,2026S,3.33,B+,completed,3.0,6.2,0.42
ENR-00094,STU-0011,MAC-COMP-8110,2025F,3.89,A,completed,4.0,7.2,0.58
ENR-01324,STU-0011,MAC-COMP-8540,2026F,3.33,B+,completed,5.0,8.3,0.61
ENR-02112,STU-0011,MAC-COMP-8540,2026F,3.33,B+,completed,5.0,8.3,0.61
ENR-00099,STU-0011,MAC-COMP-8220,2026S,3.06,B+,completed,5.0,13.1,0.81
ENR-01508,STU-0011,MAC-COMP-8640,2026S,3.0,B,completed,5.0,13.6,0.69
ENR-01588,STU-0011,MAC-COMP-8740,2026S,3.67,A-,completed,5.0,13.1,0.58
ENR-02296,STU-0011,MAC-COMP-8640,2026S,3.0,B,completed,5.0,13.6,0.69
ENR-02376,STU-0011,MAC-COMP-8740,2026S,3.67,A-,completed,5.0,13.1,0.58
ENR-00095,STU-0011,MAC-COMP-8250,2026W,3.64,A-,completed,5.0,13.2,0.54
ENR-00103,STU-0012,MAC-COMP-8110,2024F,3.39,A-,completed,4.0,7.7,0.77
ENR-00112,STU-0012,MAC-COMP-8830,2025F,2.92,B,completed,5.0,8.9,0.87
ENR-00113,STU-0012,MAC-COMP-8720,2025F,3.14,B+,completed,5.0,6.3,0.91
ENR-00108,STU-0012,MAC-COMP-8150,2025S,4.0,A+,completed,4.0,8.4,0.84
ENR-00109,STU-0012,MAC-BU-7700,2025S,3.58,A-,completed,5.0,8.6,0.91
ENR-00110,STU-0012,MAC-BU-7600,2025S,3.83,A,completed,5.0,11.5,0.49
ENR-01173,STU-0012,MAC-COMP-8390,2025S,3.67,A-,completed,3.0,7.0,0.93
ENR-01385,STU-0012,MAC-COMP-8570,2025S,3.67,A-,completed,5.0,7.1,0.95
ENR-01961,STU-0012,MAC-COMP-8390,2025S,3.67,A-,completed,3.0,7.0,0.93
ENR-02173,STU-0012,MAC-COMP-8570,2025S,3.67,A-,completed,5.0,7.1,0.95
ENR-00104,STU-0012,MAC-COMP-8340,2025W,3.24,B+,completed,4.0,7.2,0.46
ENR-00105,STU-0012,MAC-COMP-8470,2025W,3.78,A,completed,3.0,9.5,0.74
ENR-00106,STU-0012,MAC-COMP-8220,2025W,3.55,A-,completed,3.0,13.8,0.61
ENR-00107,STU-0012,MAC-COMP-8250,2025W,3.06,B+,completed,5.0,11.1,0.8
ENR-01621,STU-0012,MAC-COMP-8740,2026F,2.67,B-,completed,3.0,8.4,0.43
ENR-02409,STU-0012,MAC-COMP-8740,2026F,2.67,B-,completed,3.0,8.4,0.43
ENR-01039,STU-0012,MAC-COMP-8130,2026S,3.8,A,completed,5.0,6.7,0.43
ENR-01155,STU-0012,MAC-COMP-8380,2026S,3.0,B,completed,4.0,7.0,0.78
ENR-00115,STU-0013,MAC-COMP-8110,2024F,2.88,B,completed,3.0,6.4,0.68
ENR-01072,STU-0013,MAC-COMP-8130,2025S,3.67,A-,completed,4.0,6.6,0.52
ENR-01455,STU-0013,MAC-COMP-8590,2025S,3.0,B,completed,5.0,12.5,0.46
ENR-01860,STU-0013,MAC-COMP-8130,2025S,3.67,A-,completed,4.0,6.6,0.52
ENR-02243,STU-0013,MAC-COMP-8590,2025S,3.0,B,completed,5.0,12.5,0.46
ENR-00119,STU-0013,MAC-COMP-8220,2025W,3.64,A-,completed,5.0,8.6,0.59
ENR-01213,STU-0013,MAC-COMP-8490,2026F,3.0,B,completed,5.0,10.8,0.45
ENR-01580,STU-0013,MAC-COMP-8700,2026F,3.0,B,completed,3.0,6.5,0.81
ENR-01744,STU-0013,MAC-BU-8130,2026F,3.0,B,completed,4.0,12.6,0.5
ENR-00120,STU-0014,MAC-COMP-8110,2025F,2.89,B,completed,3.0,13.7,0.73
ENR-01367,STU-0014,MAC-COMP-8540,2025F,2.67,B-,completed,5.0,9.2,0.68
ENR-01669,STU-0014,MAC-COMP-8790,2025F,3.33,B+,completed,4.0,12.6,0.81
ENR-02155,STU-0014,MAC-COMP-8540,2025F,2.67,B-,completed,5.0,9.2,0.68
ENR-02457,STU-0014,MAC-COMP-8790,2025F,3.33,B+,completed,4.0,12.6,0.81
ENR-01035,STU-0014,MAC-COMP-8130,2025S,3.8,A,completed,5.0,12.4,0.62
ENR-01125,STU-0014,MAC-COMP-8207,2025S,3.67,A-,completed,5.0,10.7,0.86
ENR-01823,STU-0014,MAC-COMP-8130,2025S,3.8,A,completed,5.0,12.4,0.62
ENR-01913,STU-0014,MAC-COMP-8207,2025S,3.67,A-,completed,5.0,10.7,0.86
ENR-00126,STU-0015,MAC-COMP-8220,2025S,3.57,A-,completed,5.0,9.3,0.5
ENR-00127,STU-0015,MAC-COMP-8250,2025S,3.65,A-,completed,3.0,12.8,0.89
ENR-00128,STU-0015,MAC-COMP-8470,2025S,3.09,B+,completed,5.0,10.8,0.63
ENR-01672,STU-0015,MAC-COMP-8790,2025S,3.0,B,completed,5.0,12.2,0.65
ENR-02460,STU-0015,MAC-COMP-8790,2025S,3.0,B,completed,5.0,12.2,0.65
ENR-00125,STU-0015,MAC-COMP-8110,2025W,3.41,A-,completed,4.0,10.1,0.89
ENR-01534,STU-0015,MAC-COMP-8640,2026F,3.67,A-,completed,3.0,6.3,0.86
ENR-02322,STU-0015,MAC-COMP-8640,2026F,3.67,A-,completed,3.0,6.3,0.86
ENR-01107,STU-0015,MAC-COMP-8207,2026W,3.8,A,completed,4.0,13.1,0.44
ENR-01206,STU-0015,MAC-COMP-8490,2026W,3.33,B+,completed,5.0,6.4,0.81
ENR-01488,STU-0015,MAC-COMP-8610,2026W,3.33,B+,completed,3.0,11.8,0.82
ENR-01543,STU-0016,MAC-COMP-8640,2025S,3.67,A-,completed,3.0,9.1,0.63
ENR-02331,STU-0016,MAC-COMP-8640,2025S,3.67,A-,completed,3.0,9.1,0.63
ENR-00139,STU-0016,MAC-COMP-8340,2026S,3.31,A-,completed,5.0,12.0,0.56
ENR-00140,STU-0016,MAC-COMP-8150,2026S,3.42,A-,completed,4.0,11.9,0.5
ENR-01251,STU-0016,MAC-COMP-8490,2026S,3.0,B,completed,3.0,9.7,0.7
ENR-02039,STU-0016,MAC-COMP-8490,2026S,3.0,B,completed,3.0,9.7,0.7
ENR-00135,STU-0016,MAC-COMP-8110,2026W,3.2,B+,completed,3.0,13.5,0.46
ENR-00136,STU-0016,MAC-BU-7600,2026W,3.61,A-,completed,3.0,10.0,0.78
ENR-01263,STU-0017,MAC-COMP-8500,2025F,3.8,A,completed,4.0,12.5,0.84
ENR-02051,STU-0017,MAC-COMP-8500,2025F,3.8,A,completed,4.0,12.5,0.84
ENR-00144,STU-0017,MAC-COMP-8220,2025S,3.08,B+,completed,5.0,6.4,0.9
ENR-00146,STU-0017,MAC-COMP-8470,2025S,3.25,B+,completed,5.0,8.1,0.78
ENR-00147,STU-0017,MAC-COMP-8150,2025S,3.14,B+,completed,4.0,9.9,0.48
ENR-01198,STU-0017,MAC-COMP-8390,2025S,3.33,B+,completed,4.0,12.3,0.41
ENR-01705,STU-0017,MAC-BU-8120,2025S,3.33,B+,completed,4.0,12.0,0.48
ENR-01986,STU-0017,MAC-COMP-8390,2025S,3.33,B+,completed,4.0,12.3,0.41
ENR-02493,STU-0017,MAC-BU-8120,2025S,3.33,B+,completed,4.0,12.0,0.48
ENR-00143,STU-0017,MAC-COMP-8110,2025W,3.25,B+,completed,5.0,6.8,0.62
ENR-01096,STU-0017,MAC-COMP-8207,2026F,3.0,B,completed,5.0,8.7,0.85
ENR-01608,STU-0017,MAC-COMP-8740,2026F,3.8,A,completed,3.0,10.9,0.56
ENR-00153,STU-0018,MAC-COMP-8340,2025F,3.53,A-,completed,3.0,12.2,0.55
ENR-00154,STU-0018,MAC-BU-7600,2025F,3.4,A-,completed,5.0,6.3,0.54
ENR-01636,STU-0018,MAC-COMP-8790,2025F,2.33,C+,completed,4.0,12.2,0.86
ENR-01774,STU-0018,MAC-BU-8130,2025F,3.8,A,completed,4.0,9.3,0.46
ENR-02424,STU-0018,MAC-COMP-8790,2025F,2.33,C+,completed,4.0,12.2,0.86
ENR-02562,STU-0018,MAC-BU-8130,2025F,3.8,A,completed,4.0,9.3,0.46
ENR-00149,STU-0018,MAC-COMP-8220,2025S,3.18,B+,completed,5.0,6.3,0.59
ENR-00150,STU-0018,MAC-COMP-8150,2025S,3.99,A+,completed,5.0,6.0,0.7
ENR-00151,STU-0018,MAC-COMP-8470,2025S,2.92,B,completed,4.0,12.9,0.47
ENR-00152,STU-0018,MAC-COMP-8250,2025S,2.89,B,completed,3.0,12.9,0.76
ENR-01507,STU-0018,MAC-COMP-8610,2025S,3.8,A,completed,3.0,11.1,0.7
ENR-01680,STU-0018,MAC-BU-8120,2025S,3.8,A,completed,4.0,7.6,0.81
ENR-02295,STU-0018,MAC-COMP-8610,2025S,3.8,A,completed,3.0,11.1,0.7
ENR-02468,STU-0018,MAC-BU-8120,2025S,3.8,A,completed,4.0,7.6,0.81
ENR-00148,STU-0018,MAC-COMP-8110,2025W,3.45,A-,completed,5.0,12.6,0.69
ENR-01033,STU-0018,MAC-COMP-8130,2026S,3.0,B,completed,3.0,8.2,0.91
ENR-00157,STU-0019,MAC-COMP-8110,2025F,2.8,B,completed,5.0,8.1,0.47
ENR-01720,STU-0019,MAC-BU-8130,2025S,3.33,B+,completed,5.0,13.1,0.87
ENR-02508,STU-0019,MAC-BU-8130,2025S,3.33,B+,completed,5.0,13.1,0.87
ENR-01115,STU-0019,MAC-COMP-8207,2026F,3.33,B+,completed,3.0,6.2,0.62
ENR-01903,STU-0019,MAC-COMP-8207,2026F,3.33,B+,completed,3.0,6.2,0.62
ENR-01359,STU-0019,MAC-COMP-8540,2026S,3.67,A-,completed,5.0,8.2,0.84
ENR-02147,STU-0019,MAC-COMP-8540,2026S,3.67,A-,completed,5.0,8.2,0.84
ENR-00167,STU-0020,MAC-COMP-8150,2025F,3.29,B+,completed,4.0,8.0,0.95
ENR-00169,STU-0020,MAC-BU-7700,2025F,2.78,B,completed,4.0,7.5,0.94
ENR-00163,STU-0020,MAC-COMP-8250,2025S,3.25,B+,completed,4.0,12.5,0.53
ENR-00164,STU-0020,MAC-COMP-8340,2025S,3.64,A-,completed,4.0,8.5,0.49
ENR-00165,STU-0020,MAC-COMP-8220,2025S,3.1,B+,completed,3.0,13.5,0.84
ENR-00166,STU-0020,MAC-COMP-8470,2025S,3.33,A-,completed,4.0,11.2,0.94
ENR-01425,STU-0020,MAC-COMP-8590,2025S,3.0,B,completed,3.0,8.1,0.61
ENR-01513,STU-0020,MAC-COMP-8640,2025S,3.8,A,completed,5.0,13.2,0.77
ENR-02213,STU-0020,MAC-COMP-8590,2025S,3.0,B,completed,3.0,8.1,0.61
ENR-02301,STU-0020,MAC-COMP-8640,2025S,3.8,A,completed,5.0,13.2,0.77
ENR-00162,STU-0020,MAC-COMP-8110,2025W,2.86,B,completed,3.0,11.5,0.69
ENR-01066,STU-0020,MAC-COMP-8130,2026F,3.33,B+,completed,3.0,9.8,0.91
ENR-01854,STU-0020,MAC-COMP-8130,2026F,3.33,B+,completed,3.0,9.8,0.91
ENR-01228,STU-0020,MAC-COMP-8490,2026S,3.67,A-,completed,4.0,9.6,0.49
ENR-00171,STU-0021,MAC-COMP-8110,2025F,3.63,A-,completed,5.0,8.6,0.47
ENR-01579,STU-0021,MAC-COMP-8700,2025F,3.33,B+,completed,3.0,9.6,0.54
ENR-02367,STU-0021,MAC-COMP-8700,2025F,3.33,B+,completed,3.0,9.6,0.54
ENR-01352,STU-0021,MAC-COMP-8540,2026F,3.0,B,completed,4.0,13.8,0.49
ENR-02140,STU-0021,MAC-COMP-8540,2026F,3.0,B,completed,4.0,13.8,0.49
ENR-01062,STU-0021,MAC-COMP-8130,2026S,4.0,A+,completed,4.0,13.2,0.49
ENR-01302,STU-0021,MAC-COMP-8500,2026S,2.0,C,completed,5.0,7.4,0.79
ENR-01721,STU-0021,MAC-BU-8130,2026S,4.0,A+,completed,4.0,12.2,0.52
ENR-00176,STU-0022,MAC-COMP-8110,2025F,3.11,B+,completed,4.0,11.2,0.92
ENR-01304,STU-0022,MAC-COMP-8500,2025F,3.8,A,completed,3.0,12.3,0.68
ENR-01768,STU-0022,MAC-BU-8130,2025F,3.33,B+,completed,3.0,6.3,0.73
ENR-02092,STU-0022,MAC-COMP-8500,2025F,3.8,A,completed,3.0,12.3,0.68
ENR-02556,STU-0022,MAC-BU-8130,2025F,3.33,B+,completed,3.0,6.3,0.73
ENR-01374,STU-0022,MAC-COMP-8570,2025S,3.33,B+,completed,3.0,9.4,0.79
ENR-02162,STU-0022,MAC-COMP-8570,2025S,3.33,B+,completed,3.0,9.4,0.79
ENR-00182,STU-0022,MAC-COMP-8250,2026S,3.64,A-,completed,4.0,11.1,0.93
ENR-00183,STU-0022,MAC-BU-7600,2026S,2.9,B,completed,5.0,13.4,0.8
ENR-00184,STU-0022,MAC-COMP-8890,2026S,2.82,B,completed,5.0,12.6,0.54
ENR-00185,STU-0023,MAC-COMP-8110,2024F,2.75,B,completed,4.0,13.0,0.55
ENR-01138,STU-0023,MAC-COMP-8380,2025F,3.0,B,completed,5.0,7.7,0.67
ENR-01504,STU-0023,MAC-COMP-8610,2025F,3.0,B,completed,3.0,12.1,0.92
ENR-01926,STU-0023,MAC-COMP-8380,2025F,3.0,B,completed,5.0,7.7,0.67
ENR-02292,STU-0023,MAC-COMP-8610,2025F,3.0,B,completed,3.0,12.1,0.92
ENR-01542,STU-0023,MAC-COMP-8640,2025S,3.0,B,completed,4.0,7.3,0.72
ENR-02330,STU-0023,MAC-COMP-8640,2025S,3.0,B,completed,4.0,7.3,0.72
ENR-00186,STU-0023,MAC-COMP-8340,2025W,3.43,A-,completed,3.0,9.8,0.53
ENR-00188,STU-0023,MAC-COMP-8250,2025W,3.43,A-,completed,3.0,7.6,0.93
ENR-00189,STU-0023,MAC-COMP-8150,2025W,3.22,B+,completed,5.0,13.5,0.62
ENR-01604,STU-0023,MAC-COMP-8740,2026F,3.33,B+,completed,4.0,12.4,0.52
ENR-00190,STU-0024,MAC-COMP-8110,2024F,2.76,B,completed,4.0,9.3,0.83
ENR-00195,STU-0024,MAC-COMP-8340,2025S,3.26,B+,completed,3.0,6.2,0.67
ENR-00196,STU-0024,MAC-BU-7500,2025S,3.66,A-,completed,3.0,8.3,0.47
ENR-01279,STU-0024,MAC-COMP-8500,2025S,3.33,B+,completed,5.0,8.8,0.8
ENR-01458,STU-0024,MAC-COMP-8610,2025S,3.67,A-,completed,3.0,7.9,0.46
ENR-02067,STU-0024,MAC-COMP-8500,2025S,3.33,B+,completed,5.0,8.8,0.8
ENR-02246,STU-0024,MAC-COMP-8610,2025S,3.67,A-,completed,3.0,7.9,0.46
ENR-00191,STU-0024,MAC-COMP-8150,2025W,4.0,A+,completed,5.0,9.2,0.68
ENR-00192,STU-0024,MAC-COMP-8250,2025W,3.66,A-,completed,4.0,13.2,0.8
ENR-00193,STU-0024,MAC-COMP-8470,2025W,2.95,B,completed,4.0,13.8,0.86
ENR-00199,STU-0025,MAC-COMP-8110,2024F,3.48,A-,completed,5.0,12.6,0.54
ENR-01250,STU-0025,MAC-COMP-8490,2025S,3.8,A,completed,5.0,11.2,0.94
ENR-01641,STU-0025,MAC-COMP-8790,2025S,3.67,A-,completed,3.0,11.8,0.46
ENR-02038,STU-0025,MAC-COMP-8490,2025S,3.8,A,completed,5.0,11.2,0.94
ENR-02429,STU-0025,MAC-COMP-8790,2025S,3.67,A-,completed,3.0,11.8,0.46
ENR-00200,STU-0025,MAC-COMP-8150,2025W,2.8,B,completed,5.0,7.0,0.79
ENR-00203,STU-0025,MAC-COMP-8470,2025W,3.73,A,completed,4.0,13.2,0.54
ENR-01284,STU-0025,MAC-COMP-8500,2026F,3.33,B+,completed,3.0,9.2,0.85
ENR-01607,STU-0025,MAC-COMP-8740,2026F,3.0,B,completed,4.0,6.8,0.68
ENR-00204,STU-0026,MAC-COMP-8110,2024F,3.41,A-,completed,4.0,12.1,0.8
ENR-00209,STU-0026,MAC-COMP-8250,2025S,3.53,A-,completed,4.0,9.5,0.88
ENR-00210,STU-0026,MAC-BU-7500,2025S,4.0,A+,completed,5.0,12.4,0.57
ENR-00211,STU-0026,MAC-BU-7600,2025S,3.56,A-,completed,5.0,6.4,0.89
ENR-00212,STU-0026,MAC-COMP-8890,2025S,2.77,B,completed,3.0,9.1,0.69
ENR-01697,STU-0026,MAC-BU-8120,2025S,3.67,A-,completed,5.0,6.9,0.59
ENR-02485,STU-0026,MAC-BU-8120,2025S,3.67,A-,completed,5.0,6.9,0.59
ENR-00205,STU-0026,MAC-COMP-8340,2025W,3.38,A-,completed,5.0,9.0,0.54
ENR-00206,STU-0026,MAC-COMP-8470,2025W,3.24,B+,completed,4.0,10.4,0.78
ENR-00207,STU-0026,MAC-COMP-8150,2025W,3.56,A-,completed,5.0,8.3,0.7
ENR-00208,STU-0026,MAC-COMP-8220,2025W,3.51,A-,completed,5.0,12.6,0.56
ENR-01051,STU-0026,MAC-COMP-8130,2026F,3.8,A,completed,3.0,9.6,0.54
ENR-01467,STU-0026,MAC-COMP-8610,2026F,3.0,B,completed,5.0,12.6,0.42
ENR-00213,STU-0027,MAC-COMP-8110,2024F,3.23,B+,completed,3.0,12.9,0.68
ENR-00221,STU-0027,MAC-BU-7700,2025F,3.56,A-,completed,5.0,10.1,0.83
ENR-01475,STU-0027,MAC-COMP-8610,2025F,2.67,B-,completed,4.0,13.7,0.83
ENR-02263,STU-0027,MAC-COMP-8610,2025F,2.67,B-,completed,4.0,13.7,0.83
ENR-00218,STU-0027,MAC-COMP-8150,2025S,2.19,C+,completed,3.0,7.6,0.91
ENR-00219,STU-0027,MAC-COMP-8250,2025S,3.01,B+,completed,4.0,6.5,0.75
ENR-00220,STU-0027,MAC-BU-7500,2025S,3.28,B+,completed,3.0,7.0,0.74
ENR-00214,STU-0027,MAC-COMP-8340,2025W,3.66,A-,completed,5.0,6.1,0.46
ENR-00215,STU-0027,MAC-COMP-8470,2025W,2.71,B,completed,3.0,12.1,0.79
ENR-00217,STU-0027,MAC-COMP-8220,2025W,3.56,A-,completed,3.0,9.6,0.71
ENR-01195,STU-0027,MAC-COMP-8390,2026F,3.67,A-,completed,4.0,13.3,0.86
ENR-01698,STU-0027,MAC-BU-8120,2026F,2.67,B-,completed,4.0,8.0,0.42
ENR-01983,STU-0027,MAC-COMP-8390,2026F,3.67,A-,completed,4.0,13.3,0.86
ENR-02486,STU-0027,MAC-BU-8120,2026F,2.67,B-,completed,4.0,8.0,0.42
ENR-00225,STU-0028,MAC-COMP-8110,2024F,3.16,B+,completed,4.0,7.7,0.92
ENR-00229,STU-0028,MAC-COMP-8150,2025W,3.83,A,completed,3.0,7.2,0.95
ENR-01045,STU-0028,MAC-COMP-8130,2026F,3.8,A,completed,5.0,7.6,0.61
ENR-01833,STU-0028,MAC-COMP-8130,2026F,3.8,A,completed,5.0,7.6,0.61
ENR-01238,STU-0028,MAC-COMP-8490,2026S,3.33,B+,completed,3.0,10.6,0.79
ENR-01606,STU-0028,MAC-COMP-8740,2026S,3.0,B,completed,5.0,8.0,0.66
ENR-01650,STU-0028,MAC-COMP-8790,2026S,3.33,B+,completed,4.0,13.3,0.67
ENR-02026,STU-0028,MAC-COMP-8490,2026S,3.33,B+,completed,3.0,10.6,0.79
ENR-02394,STU-0028,MAC-COMP-8740,2026S,3.0,B,completed,5.0,8.0,0.66
ENR-02438,STU-0028,MAC-COMP-8790,2026S,3.33,B+,completed,4.0,13.3,0.67
ENR-01427,STU-0028,MAC-COMP-8590,2026W,3.8,A,completed,3.0,9.6,0.82
ENR-00230,STU-0029,MAC-COMP-8110,2024F,3.25,B+,completed,5.0,8.1,0.81
ENR-00238,STU-0029,MAC-BU-7700,2025F,3.18,B+,completed,4.0,14.0,0.74
ENR-00239,STU-0029,MAC-COMP-8720,2025F,3.48,A-,completed,5.0,7.6,0.81
ENR-00235,STU-0029,MAC-COMP-8220,2025S,2.96,B,completed,4.0,7.3,0.85
ENR-00236,STU-0029,MAC-BU-7500,2025S,3.09,B+,completed,5.0,9.0,0.8
ENR-00237,STU-0029,MAC-BU-7600,2025S,3.15,B+,completed,4.0,11.8,0.69
ENR-01032,STU-0029,MAC-COMP-8130,2025S,3.0,B,completed,3.0,10.9,0.49
ENR-01373,STU-0029,MAC-COMP-8540,2025S,3.67,A-,completed,5.0,12.6,0.9
ENR-01570,STU-0029,MAC-COMP-8700,2025S,3.8,A,completed,5.0,10.4,0.89
ENR-01820,STU-0029,MAC-COMP-8130,2025S,3.0,B,completed,3.0,10.9,0.49
ENR-02161,STU-0029,MAC-COMP-8540,2025S,3.67,A-,completed,5.0,12.6,0.9
ENR-02358,STU-0029,MAC-COMP-8700,2025S,3.8,A,completed,5.0,10.4,0.89
ENR-00247,STU-0030,MAC-COMP-8470,2025F,3.34,A-,completed,3.0,6.6,0.48
ENR-00249,STU-0030,MAC-BU-7600,2025F,2.71,B,completed,4.0,10.6,0.8
ENR-00243,STU-0030,MAC-COMP-8250,2025S,2.69,B-,completed,3.0,10.5,0.82
ENR-00244,STU-0030,MAC-COMP-8220,2025S,2.51,B-,completed,3.0,12.9,0.87
ENR-00245,STU-0030,MAC-COMP-8340,2025S,3.46,A-,completed,5.0,13.0,0.59
ENR-00246,STU-0030,MAC-COMP-8150,2025S,2.51,B-,completed,3.0,7.0,0.76
ENR-01808,STU-0030,MAC-BU-8140,2025S,3.8,A,completed,4.0,6.8,0.74
ENR-02596,STU-0030,MAC-BU-8140,2025S,3.8,A,completed,4.0,6.8,0.74
ENR-00242,STU-0030,MAC-COMP-8110,2025W,3.35,A-,completed,5.0,7.9,0.9
ENR-01046,STU-0030,MAC-COMP-8130,2026F,2.67,B-,completed,4.0,8.6,0.41
ENR-01834,STU-0030,MAC-COMP-8130,2026F,2.67,B-,completed,4.0,8.6,0.41
ENR-01422,STU-0030,MAC-COMP-8590,2026S,3.33,B+,completed,4.0,13.8,0.58
ENR-02210,STU-0030,MAC-COMP-8590,2026S,3.33,B+,completed,4.0,13.8,0.58
ENR-00254,STU-0031,MAC-COMP-8110,2024F,3.27,B+,completed,4.0,12.2,0.72
ENR-00255,STU-0031,MAC-COMP-8340,2025W,3.03,B+,completed,4.0,8.6,0.66
ENR-00256,STU-0031,MAC-COMP-8220,2025W,2.76,B,completed,3.0,9.9,0.77
ENR-01214,STU-0031,MAC-COMP-8490,2026F,3.33,B+,completed,3.0,11.8,0.52
ENR-01583,STU-0031,MAC-COMP-8700,2026F,2.67,B-,completed,4.0,9.3,0.69
ENR-01585,STU-0031,MAC-COMP-8740,2026F,2.67,B-,completed,4.0,12.2,0.83
ENR-02002,STU-0031,MAC-COMP-8490,2026F,3.33,B+,completed,3.0,11.8,0.52
ENR-02371,STU-0031,MAC-COMP-8700,2026F,2.67,B-,completed,4.0,9.3,0.69
ENR-02373,STU-0031,MAC-COMP-8740,2026F,2.67,B-,completed,4.0,12.2,0.83
ENR-01369,STU-0031,MAC-COMP-8540,2026W,3.8,A,completed,3.0,10.9,0.52
ENR-01531,STU-0032,MAC-COMP-8640,2025F,3.8,A,completed,3.0,7.1,0.82
ENR-02319,STU-0032,MAC-COMP-8640,2025F,3.8,A,completed,3.0,7.1,0.82
ENR-00260,STU-0032,MAC-COMP-8470,2025S,3.36,A-,completed,5.0,12.0,0.61
ENR-00261,STU-0032,MAC-COMP-8250,2025S,3.03,B+,completed,5.0,8.0,0.57
ENR-01154,STU-0032,MAC-COMP-8380,2025S,3.0,B,completed,5.0,7.3,0.57
ENR-01791,STU-0032,MAC-BU-8140,2025S,3.33,B+,completed,4.0,11.8,0.84
ENR-01942,STU-0032,MAC-COMP-8380,2025S,3.0,B,completed,5.0,7.3,0.57
ENR-02579,STU-0032,MAC-BU-8140,2025S,3.33,B+,completed,4.0,11.8,0.84
ENR-00259,STU-0032,MAC-COMP-8110,2025W,3.28,B+,completed,3.0,12.5,0.72
ENR-01258,STU-0032,MAC-COMP-8490,2026F,3.33,B+,completed,3.0,13.0,0.58
ENR-01771,STU-0032,MAC-BU-8130,2026F,2.67,B-,completed,5.0,6.1,0.79
ENR-02046,STU-0032,MAC-COMP-8490,2026F,3.33,B+,completed,3.0,13.0,0.58
ENR-02559,STU-0032,MAC-BU-8130,2026F,2.67,B-,completed,5.0,6.1,0.79
ENR-00264,STU-0033,MAC-COMP-8110,2025F,3.17,B+,completed,4.0,7.6,0.47
ENR-01175,STU-0033,MAC-COMP-8390,2025F,3.67,A-,completed,5.0,6.6,0.83
ENR-01963,STU-0033,MAC-COMP-8390,2025F,3.67,A-,completed,5.0,6.6,0.83
ENR-00273,STU-0033,MAC-COMP-8780,2026F,3.58,A-,completed,3.0,10.9,0.93
ENR-00274,STU-0033,MAC-COMP-8650,2026F,3.13,B+,completed,3.0,12.9,0.75
ENR-00275,STU-0033,MAC-COMP-8890,2026F,3.45,A-,completed,5.0,9.9,0.66
ENR-01726,STU-0033,MAC-BU-8130,2026F,2.33,C+,completed,5.0,13.6,0.76
ENR-02514,STU-0033,MAC-BU-8130,2026F,2.33,C+,completed,5.0,13.6,0.76
ENR-00269,STU-0033,MAC-COMP-8340,2026S,3.64,A-,completed,5.0,11.4,0.52
ENR-00270,STU-0033,MAC-BU-7500,2026S,2.83,B,completed,3.0,12.9,0.8
ENR-00271,STU-0033,MAC-BU-7700,2026S,2.87,B,completed,3.0,12.0,0.52
ENR-01663,STU-0033,MAC-COMP-8790,2026S,3.0,B,completed,5.0,6.3,0.7
ENR-02451,STU-0033,MAC-COMP-8790,2026S,3.0,B,completed,5.0,6.3,0.7
ENR-00265,STU-0033,MAC-COMP-8150,2026W,3.17,B+,completed,5.0,12.0,0.89
ENR-00276,STU-0034,MAC-COMP-8110,2025F,4.0,A+,completed,4.0,11.3,0.83
ENR-01802,STU-0034,MAC-BU-8140,2025F,3.0,B,completed,5.0,8.7,0.57
ENR-02590,STU-0034,MAC-BU-8140,2025F,3.0,B,completed,5.0,8.7,0.57
ENR-00277,STU-0034,MAC-COMP-8150,2026W,3.91,A+,completed,3.0,11.9,0.54
ENR-00279,STU-0034,MAC-COMP-8250,2026W,3.24,B+,completed,4.0,12.0,0.51
ENR-00280,STU-0034,MAC-COMP-8220,2026W,3.57,A-,completed,4.0,6.2,0.77
ENR-01075,STU-0034,MAC-COMP-8130,2026W,2.67,B-,completed,4.0,13.5,0.46
ENR-01329,STU-0034,MAC-COMP-8540,2026W,3.0,B,completed,4.0,7.3,0.94
ENR-00290,STU-0035,MAC-COMP-8220,2025F,3.8,A,completed,4.0,12.0,0.72
ENR-00291,STU-0035,MAC-COMP-8250,2025F,3.6,A-,completed,4.0,10.7,0.73
ENR-00292,STU-0035,MAC-BU-7600,2025F,3.07,B+,completed,4.0,9.8,0.84
ENR-00287,STU-0035,MAC-COMP-8150,2025S,3.15,B+,completed,5.0,13.5,0.79
ENR-00288,STU-0035,MAC-COMP-8470,2025S,3.6,A-,completed,5.0,13.1,0.9
ENR-00289,STU-0035,MAC-COMP-8340,2025S,3.04,B+,completed,3.0,7.4,0.94
ENR-01142,STU-0035,MAC-COMP-8380,2025S,3.33,B+,completed,3.0,10.6,0.66
ENR-01372,STU-0035,MAC-COMP-8540,2025S,3.67,A-,completed,5.0,10.2,0.69
ENR-01565,STU-0035,MAC-COMP-8700,2025S,3.0,B,completed,3.0,8.8,0.83
ENR-01930,STU-0035,MAC-COMP-8380,2025S,3.33,B+,completed,3.0,10.6,0.66
ENR-02160,STU-0035,MAC-COMP-8540,2025S,3.67,A-,completed,5.0,10.2,0.69
ENR-02353,STU-0035,MAC-COMP-8700,2025S,3.0,B,completed,3.0,8.8,0.83
ENR-00297,STU-0036,MAC-COMP-8110,2025F,3.24,B+,completed,5.0,9.0,0.94
ENR-01030,STU-0036,MAC-COMP-8130,2025F,3.33,B+,completed,4.0,12.9,0.61
ENR-01476,STU-0036,MAC-COMP-8610,2025F,3.8,A,completed,4.0,11.6,0.47
ENR-01572,STU-0036,MAC-COMP-8700,2025F,2.33,C+,completed,4.0,6.4,0.58
ENR-01818,STU-0036,MAC-COMP-8130,2025F,3.33,B+,completed,4.0,12.9,0.61
ENR-02264,STU-0036,MAC-COMP-8610,2025F,3.8,A,completed,4.0,11.6,0.47
ENR-02360,STU-0036,MAC-COMP-8700,2025F,2.33,C+,completed,4.0,6.4,0.58
ENR-01235,STU-0036,MAC-COMP-8490,2025S,3.8,A,completed,4.0,6.1,0.81
ENR-02023,STU-0036,MAC-COMP-8490,2025S,3.8,A,completed,4.0,6.1,0.81
ENR-01091,STU-0036,MAC-COMP-8207,2026F,2.67,B-,completed,5.0,7.0,0.63
ENR-01156,STU-0036,MAC-COMP-8380,2026F,4.0,A+,completed,4.0,10.0,0.44
ENR-00302,STU-0037,MAC-COMP-8110,2024F,3.14,B+,completed,4.0,11.4,0.58
ENR-01449,STU-0037,MAC-COMP-8590,2025S,3.33,B+,completed,5.0,8.1,0.68
ENR-02237,STU-0037,MAC-COMP-8590,2025S,3.33,B+,completed,5.0,8.1,0.68
ENR-00303,STU-0037,MAC-COMP-8150,2025W,3.44,A-,completed,3.0,13.5,0.55
ENR-00304,STU-0037,MAC-COMP-8250,2025W,2.8,B,completed,3.0,6.1,0.56
ENR-01311,STU-0037,MAC-COMP-8500,2026S,3.0,B,completed,5.0,10.0,0.88
ENR-01755,STU-0037,MAC-BU-8130,2026S,3.67,A-,completed,4.0,11.2,0.78
ENR-00307,STU-0038,MAC-COMP-8110,2024F,3.88,A,completed,4.0,7.2,0.86
ENR-00312,STU-0038,MAC-COMP-8150,2025S,3.7,A,completed,5.0,13.9,0.53
ENR-00313,STU-0038,MAC-COMP-8340,2025S,3.15,B+,completed,3.0,13.9,0.78
ENR-00314,STU-0038,MAC-BU-7700,2025S,3.24,B+,completed,4.0,9.7,0.77
ENR-00315,STU-0038,MAC-COMP-8890,2025S,3.33,A-,completed,4.0,9.3,0.5
ENR-01701,STU-0038,MAC-BU-8120,2025S,3.67,A-,completed,3.0,8.4,0.76
ENR-02489,STU-0038,MAC-BU-8120,2025S,3.67,A-,completed,3.0,8.4,0.76
ENR-00308,STU-0038,MAC-COMP-8220,2025W,3.09,B+,completed,5.0,13.8,0.48
ENR-00309,STU-0038,MAC-COMP-8470,2025W,3.07,B+,completed,5.0,11.5,0.93
ENR-00310,STU-0038,MAC-COMP-8250,2025W,3.47,A-,completed,4.0,7.6,0.58
ENR-01341,STU-0038,MAC-COMP-8540,2026F,3.0,B,completed,5.0,8.7,0.59
ENR-00316,STU-0039,MAC-COMP-8110,2025F,2.9,B,completed,4.0,11.0,0.54
ENR-01687,STU-0039,MAC-BU-8120,2025F,3.33,B+,completed,5.0,13.3,0.79
ENR-02475,STU-0039,MAC-BU-8120,2025F,3.33,B+,completed,5.0,13.3,0.79
ENR-01505,STU-0039,MAC-COMP-8610,2025S,2.67,B-,completed,4.0,6.1,0.52
ENR-02293,STU-0039,MAC-COMP-8610,2025S,2.67,B-,completed,4.0,6.1,0.52
ENR-00318,STU-0039,MAC-COMP-8220,2026W,3.31,A-,completed,3.0,12.3,0.7
ENR-00319,STU-0039,MAC-COMP-8150,2026W,3.31,A-,completed,5.0,10.2,0.77
ENR-00320,STU-0039,MAC-COMP-8250,2026W,3.37,A-,completed,4.0,10.4,0.84
ENR-01203,STU-0039,MAC-COMP-8490,2026W,3.33,B+,completed,4.0,12.2,0.83
ENR-00321,STU-0040,MAC-COMP-8110,2024F,2.92,B,completed,3.0,10.5,0.67
ENR-00326,STU-0040,MAC-COMP-8470,2025S,3.92,A+,completed,5.0,12.3,0.58
ENR-00329,STU-0040,MAC-COMP-8890,2025S,3.25,B+,completed,3.0,9.8,0.74
ENR-01278,STU-0040,MAC-COMP-8500,2025S,3.67,A-,completed,3.0,11.1,0.94
ENR-01525,STU-0040,MAC-COMP-8640,2025S,3.33,B+,completed,3.0,7.6,0.94
ENR-01763,STU-0040,MAC-BU-8130,2025S,4.0,A+,completed,3.0,7.3,0.93
ENR-02066,STU-0040,MAC-COMP-8500,2025S,3.67,A-,completed,3.0,11.1,0.94
ENR-02313,STU-0040,MAC-COMP-8640,2025S,3.33,B+,completed,3.0,7.6,0.94
ENR-02551,STU-0040,MAC-BU-8130,2025S,4.0,A+,completed,3.0,7.3,0.93
ENR-00322,STU-0040,MAC-COMP-8220,2025W,3.75,A,completed,4.0,13.9,0.87
ENR-00323,STU-0040,MAC-COMP-8150,2025W,4.0,A+,completed,4.0,13.2,0.68
ENR-00330,STU-0041,MAC-COMP-8110,2025F,3.8,A,completed,4.0,12.5,0.77
ENR-01568,STU-0041,MAC-COMP-8700,2025F,3.0,B,completed,4.0,7.3,0.44
ENR-01809,STU-0041,MAC-BU-8140,2025F,3.33,B+,completed,3.0,8.0,0.56
ENR-02356,STU-0041,MAC-COMP-8700,2025F,3.0,B,completed,4.0,7.3,0.44
ENR-02597,STU-0041,MAC-BU-8140,2025F,3.33,B+,completed,3.0,8.0,0.56
ENR-01174,STU-0041,MAC-COMP-8390,2025S,3.0,B,completed,4.0,10.2,0.65
ENR-01962,STU-0041,MAC-COMP-8390,2025S,3.0,B,completed,4.0,10.2,0.65
ENR-01619,STU-0041,MAC-COMP-8740,2026S,2.67,B-,completed,5.0,12.8,0.66
ENR-02407,STU-0041,MAC-COMP-8740,2026S,2.67,B-,completed,5.0,12.8,0.66
ENR-00331,STU-0041,MAC-COMP-8150,2026W,2.92,B,completed,3.0,12.2,0.66
ENR-00332,STU-0041,MAC-COMP-8250,2026W,3.24,B+,completed,4.0,9.8,0.94
ENR-00333,STU-0041,MAC-COMP-8220,2026W,3.67,A-,completed,5.0,6.2,0.87
ENR-00335,STU-0042,MAC-COMP-8110,2025F,2.36,B-,completed,5.0,6.8,0.9
ENR-01153,STU-0042,MAC-COMP-8380,2025S,2.67,B-,completed,3.0,10.4,0.76
ENR-01712,STU-0042,MAC-BU-8120,2025S,3.8,A,completed,4.0,9.8,0.69
ENR-01941,STU-0042,MAC-COMP-8380,2025S,2.67,B-,completed,3.0,10.4,0.76
ENR-02500,STU-0042,MAC-BU-8120,2025S,3.8,A,completed,4.0,9.8,0.69
ENR-00345,STU-0042,MAC-COMP-8720,2026F,3.26,B+,completed,5.0,11.0,0.55
ENR-00340,STU-0042,MAC-COMP-8340,2026S,3.4,A-,completed,3.0,7.9,0.71
ENR-00342,STU-0042,MAC-BU-7700,2026S,3.09,B+,completed,4.0,13.0,0.65
ENR-01375,STU-0042,MAC-COMP-8570,2026S,3.0,B,completed,5.0,6.3,0.62
ENR-01485,STU-0042,MAC-COMP-8610,2026S,3.67,A-,completed,5.0,6.0,0.93
ENR-01515,STU-0042,MAC-COMP-8640,2026S,2.33,C+,completed,3.0,13.4,0.5
ENR-02163,STU-0042,MAC-COMP-8570,2026S,3.0,B,completed,5.0,6.3,0.62
ENR-02273,STU-0042,MAC-COMP-8610,2026S,3.67,A-,completed,5.0,6.0,0.93
ENR-02303,STU-0042,MAC-COMP-8640,2026S,2.33,C+,completed,3.0,13.4,0.5
ENR-00354,STU-0043,MAC-BU-7600,2025F,3.92,A+,completed,5.0,13.4,0.79
ENR-01261,STU-0043,MAC-COMP-8500,2025F,2.0,C,completed,4.0,8.9,0.92
ENR-02049,STU-0043,MAC-COMP-8500,2025F,2.0,C,completed,4.0,8.9,0.92
ENR-00348,STU-0043,MAC-COMP-8220,2025S,3.35,A-,completed,5.0,8.2,0.76
ENR-00349,STU-0043,MAC-COMP-8150,2025S,3.24,B+,completed,5.0,6.1,0.95
ENR-00350,STU-0043,MAC-COMP-8340,2025S,3.47,A-,completed,3.0,9.4,0.79
ENR-00351,STU-0043,MAC-COMP-8250,2025S,3.53,A-,completed,4.0,9.4,0.55
ENR-00347,STU-0043,MAC-COMP-8110,2025W,2.66,B-,completed,5.0,7.5,0.49
ENR-01748,STU-0043,MAC-BU-8130,2026S,2.67,B-,completed,5.0,13.2,0.73
ENR-00362,STU-0044,MAC-BU-7600,2025F,2.5,B-,completed,5.0,11.4,0.86
ENR-00363,STU-0044,MAC-BU-7700,2025F,3.28,B+,completed,4.0,12.1,0.56
ENR-00364,STU-0044,MAC-COMP-8890,2025F,3.83,A,completed,5.0,10.3,0.94
ENR-01077,STU-0044,MAC-COMP-8207,2025F,2.67,B-,completed,3.0,13.8,0.85
ENR-01281,STU-0044,MAC-COMP-8500,2025F,2.0,C,completed,4.0,12.6,0.78
ENR-01317,STU-0044,MAC-COMP-8540,2025F,3.0,B,completed,5.0,13.7,0.9
ENR-01865,STU-0044,MAC-COMP-8207,2025F,2.67,B-,completed,3.0,13.8,0.85
ENR-02069,STU-0044,MAC-COMP-8500,2025F,2.0,C,completed,4.0,12.6,0.78
ENR-02105,STU-0044,MAC-COMP-8540,2025F,3.0,B,completed,5.0,13.7,0.9
ENR-00357,STU-0044,MAC-COMP-8220,2025S,3.16,B+,completed,3.0,7.5,0.72
ENR-00358,STU-0044,MAC-COMP-8470,2025S,3.23,B+,completed,3.0,9.5,0.8
ENR-00359,STU-0044,MAC-COMP-8340,2025S,2.85,B,completed,3.0,9.1,0.75
ENR-00360,STU-0044,MAC-COMP-8150,2025S,2.71,B,completed,5.0,13.9,0.63
ENR-00356,STU-0044,MAC-COMP-8110,2025W,2.75,B,completed,5.0,6.6,0.6
ENR-00365,STU-0045,MAC-COMP-8110,2024F,3.12,B+,completed,5.0,7.4,0.46
ENR-01703,STU-0045,MAC-BU-8120,2025F,2.67,B-,completed,4.0,11.4,0.83
ENR-02491,STU-0045,MAC-BU-8120,2025F,2.67,B-,completed,4.0,11.4,0.83
ENR-01501,STU-0045,MAC-COMP-8610,2025S,3.67,A-,completed,4.0,12.3,0.84
ENR-02289,STU-0045,MAC-COMP-8610,2025S,3.67,A-,completed,4.0,12.3,0.84
ENR-00366,STU-0045,MAC-COMP-8340,2025W,3.25,B+,completed,4.0,11.4,0.56
ENR-00367,STU-0045,MAC-COMP-8470,2025W,2.83,B,completed,4.0,6.2,0.78
ENR-00370,STU-0046,MAC-COMP-8110,2024F,3.09,B+,completed,5.0,8.3,0.75
ENR-01073,STU-0046,MAC-COMP-8130,2025F,3.0,B,completed,5.0,9.0,0.49
ENR-01122,STU-0046,MAC-COMP-8207,2025F,3.67,A-,completed,5.0,9.7,0.54
ENR-01502,STU-0046,MAC-COMP-8610,2025F,3.33,B+,completed,3.0,10.0,0.73
ENR-01861,STU-0046,MAC-COMP-8130,2025F,3.0,B,completed,5.0,9.0,0.49
ENR-01910,STU-0046,MAC-COMP-8207,2025F,3.67,A-,completed,5.0,9.7,0.54
ENR-02290,STU-0046,MAC-COMP-8610,2025F,3.33,B+,completed,3.0,10.0,0.73
ENR-00378,STU-0046,MAC-COMP-8890,2025S,3.54,A-,completed,4.0,8.8,0.83
ENR-01749,STU-0046,MAC-BU-8130,2025S,2.67,B-,completed,5.0,6.7,0.76
ENR-02537,STU-0046,MAC-BU-8130,2025S,2.67,B-,completed,5.0,6.7,0.76
ENR-00371,STU-0046,MAC-COMP-8220,2025W,3.06,B+,completed,4.0,7.0,0.57
ENR-00372,STU-0046,MAC-COMP-8340,2025W,3.57,A-,completed,5.0,12.9,0.87
ENR-00373,STU-0046,MAC-COMP-8150,2025W,3.53,A-,completed,4.0,8.4,0.87
ENR-00374,STU-0046,MAC-COMP-8470,2025W,3.45,A-,completed,3.0,6.4,0.79
ENR-01130,STU-0047,MAC-COMP-8380,2025F,3.67,A-,completed,4.0,9.9,0.6
ENR-01918,STU-0047,MAC-COMP-8380,2025F,3.67,A-,completed,4.0,9.9,0.6
ENR-00380,STU-0047,MAC-COMP-8220,2025S,3.11,B+,completed,5.0,13.7,0.53
ENR-00381,STU-0047,MAC-COMP-8250,2025S,3.07,B+,completed,3.0,13.0,0.73
ENR-00382,STU-0047,MAC-COMP-8470,2025S,3.99,A+,completed,4.0,13.3,0.66
ENR-00383,STU-0047,MAC-COMP-8150,2025S,3.43,A-,completed,4.0,13.5,0.47
ENR-01189,STU-0047,MAC-COMP-8390,2025S,3.67,A-,completed,5.0,13.8,0.76
ENR-01484,STU-0047,MAC-COMP-8610,2025S,4.0,A+,completed,3.0,11.0,0.86
ENR-01765,STU-0047,MAC-BU-8130,2025S,2.67,B-,completed,4.0,10.9,0.8
ENR-01977,STU-0047,MAC-COMP-8390,2025S,3.67,A-,completed,5.0,13.8,0.76
ENR-02272,STU-0047,MAC-COMP-8610,2025S,4.0,A+,completed,3.0,11.0,0.86
ENR-00389,STU-0048,MAC-COMP-8220,2025F,3.19,B+,completed,3.0,13.2,0.52
ENR-00390,STU-0048,MAC-BU-7600,2025F,4.0,A+,completed,3.0,11.1,0.66
ENR-00391,STU-0048,MAC-BU-7700,2025F,3.22,B+,completed,3.0,9.5,0.54
ENR-00385,STU-0048,MAC-COMP-8470,2025S,3.19,B+,completed,5.0,9.8,0.65
ENR-00386,STU-0048,MAC-COMP-8340,2025S,3.93,A+,completed,3.0,8.8,0.89
ENR-00387,STU-0048,MAC-COMP-8150,2025S,3.62,A-,completed,4.0,10.0,0.64
ENR-00388,STU-0048,MAC-COMP-8250,2025S,3.88,A,completed,3.0,11.5,0.88
ENR-00384,STU-0048,MAC-COMP-8110,2025W,2.89,B,completed,4.0,10.4,0.59
ENR-00396,STU-0049,MAC-COMP-8110,2025F,3.86,A,completed,5.0,10.1,0.48
ENR-01552,STU-0049,MAC-COMP-8700,2025F,3.67,A-,completed,5.0,6.2,0.66
ENR-02340,STU-0049,MAC-COMP-8700,2025F,3.67,A-,completed,5.0,6.2,0.66
ENR-01787,STU-0049,MAC-BU-8140,2026F,2.67,B-,completed,3.0,6.8,0.6
ENR-02575,STU-0049,MAC-BU-8140,2026F,2.67,B-,completed,3.0,6.8,0.6
ENR-01661,STU-0049,MAC-COMP-8790,2026S,3.8,A,completed,4.0,9.6,0.72
ENR-02449,STU-0049,MAC-COMP-8790,2026S,3.8,A,completed,4.0,9.6,0.72
ENR-00397,STU-0049,MAC-COMP-8470,2026W,2.61,B-,completed,5.0,7.1,0.83
ENR-00398,STU-0049,MAC-COMP-8150,2026W,2.66,B-,completed,4.0,7.9,0.81
ENR-00401,STU-0050,MAC-COMP-8110,2024F,3.44,A-,completed,3.0,12.8,0.78
ENR-00409,STU-0050,MAC-BU-7700,2025F,3.11,B+,completed,4.0,9.9,0.52
ENR-00410,STU-0050,MAC-COMP-8720,2025F,2.86,B,completed,3.0,12.1,0.85
ENR-00406,STU-0050,MAC-COMP-8220,2025S,3.23,B+,completed,3.0,13.4,0.56
ENR-00407,STU-0050,MAC-BU-7500,2025S,2.77,B,completed,4.0,8.9,0.6
ENR-00408,STU-0050,MAC-BU-7600,2025S,3.66,A-,completed,3.0,6.7,0.67
ENR-01217,STU-0050,MAC-COMP-8490,2025S,3.8,A,completed,5.0,12.7,0.45
ENR-02005,STU-0050,MAC-COMP-8490,2025S,3.8,A,completed,5.0,12.7,0.45
ENR-00402,STU-0050,MAC-COMP-8340,2025W,3.24,B+,completed,4.0,13.6,0.7
ENR-01403,STU-0051,MAC-COMP-8570,2025F,3.33,B+,completed,5.0,6.1,0.7
ENR-02191,STU-0051,MAC-COMP-8570,2025F,3.33,B+,completed,5.0,6.1,0.7
ENR-00415,STU-0051,MAC-COMP-8220,2025S,3.28,B+,completed,3.0,7.5,0.71
ENR-00416,STU-0051,MAC-COMP-8470,2025S,3.06,B+,completed,5.0,12.0,0.6
ENR-00413,STU-0051,MAC-COMP-8110,2025W,3.71,A,completed,5.0,10.3,0.83
ENR-01463,STU-0051,MAC-COMP-8610,2026F,3.33,B+,completed,5.0,11.2,0.63
ENR-02251,STU-0051,MAC-COMP-8610,2026F,3.33,B+,completed,5.0,11.2,0.63
ENR-01248,STU-0051,MAC-COMP-8490,2026S,3.67,A-,completed,3.0,9.5,0.57
ENR-01516,STU-0051,MAC-COMP-8640,2026S,2.67,B-,completed,4.0,7.8,0.54
ENR-01347,STU-0052,MAC-COMP-8540,2025F,3.0,B,completed,4.0,8.3,0.56
ENR-02135,STU-0052,MAC-COMP-8540,2025F,3.0,B,completed,4.0,8.3,0.56
ENR-00419,STU-0052,MAC-COMP-8250,2025S,3.43,A-,completed,5.0,12.9,0.84
ENR-00420,STU-0052,MAC-COMP-8470,2025S,2.84,B,completed,5.0,12.4,0.85
ENR-00421,STU-0052,MAC-COMP-8150,2025S,3.29,B+,completed,4.0,12.6,0.61
ENR-00429,STU-0053,MAC-BU-7500,2025F,2.81,B,completed,3.0,9.1,0.55
ENR-00430,STU-0053,MAC-BU-7700,2025F,3.48,A-,completed,5.0,7.4,0.54
ENR-00431,STU-0053,MAC-COMP-8890,2025F,2.49,B-,completed,5.0,8.4,0.54
ENR-01682,STU-0053,MAC-BU-8120,2025F,3.0,B,completed,3.0,12.0,0.42
ENR-01810,STU-0053,MAC-BU-8140,2025F,2.67,B-,completed,4.0,6.2,0.76
ENR-02470,STU-0053,MAC-BU-8120,2025F,3.0,B,completed,3.0,12.0,0.42
ENR-02598,STU-0053,MAC-BU-8140,2025F,2.67,B-,completed,4.0,6.2,0.76
ENR-00424,STU-0053,MAC-COMP-8150,2025S,3.8,A,completed,5.0,11.3,0.93
ENR-00425,STU-0053,MAC-COMP-8340,2025S,3.0,B+,completed,3.0,11.1,0.7
ENR-00426,STU-0053,MAC-COMP-8220,2025S,3.07,B+,completed,4.0,7.3,0.61
ENR-00427,STU-0053,MAC-COMP-8470,2025S,3.12,B+,completed,5.0,6.2,0.67
ENR-01162,STU-0053,MAC-COMP-8390,2025S,3.67,A-,completed,3.0,13.8,0.73
ENR-01205,STU-0053,MAC-COMP-8490,2025S,3.33,B+,completed,3.0,8.9,0.83
ENR-01950,STU-0053,MAC-COMP-8390,2025S,3.67,A-,completed,3.0,13.8,0.73
ENR-00432,STU-0054,MAC-COMP-8110,2025F,3.57,A-,completed,5.0,7.0,0.57
ENR-01334,STU-0054,MAC-COMP-8540,2025F,3.8,A,completed,5.0,11.8,0.72
ENR-02122,STU-0054,MAC-COMP-8540,2025F,3.8,A,completed,5.0,11.8,0.72
ENR-00440,STU-0054,MAC-BU-7500,2026F,3.07,B+,completed,4.0,10.4,0.6
ENR-01224,STU-0054,MAC-COMP-8490,2026F,3.0,B,completed,4.0,6.2,0.91
ENR-01393,STU-0054,MAC-COMP-8570,2026F,3.67,A-,completed,5.0,7.1,0.53
ENR-02012,STU-0054,MAC-COMP-8490,2026F,3.0,B,completed,4.0,6.2,0.91
ENR-02181,STU-0054,MAC-COMP-8570,2026F,3.67,A-,completed,5.0,7.1,0.53
ENR-00437,STU-0054,MAC-COMP-8340,2026S,3.05,B+,completed,5.0,11.5,0.78
ENR-00438,STU-0054,MAC-BU-7700,2026S,2.97,B,completed,5.0,9.8,0.85
ENR-00439,STU-0054,MAC-BU-7600,2026S,3.69,A-,completed,5.0,6.2,0.92
ENR-01056,STU-0054,MAC-COMP-8130,2026S,2.67,B-,completed,3.0,8.8,0.63
ENR-01673,STU-0054,MAC-COMP-8790,2026S,3.33,B+,completed,4.0,6.0,0.8
ENR-00444,STU-0055,MAC-COMP-8110,2025F,3.16,B+,completed,5.0,13.2,0.47
ENR-00454,STU-0055,MAC-COMP-8720,2026F,4.0,A+,completed,5.0,11.0,0.87
ENR-00449,STU-0055,MAC-COMP-8470,2026S,2.62,B-,completed,3.0,6.6,0.91
ENR-00450,STU-0055,MAC-COMP-8250,2026S,3.45,A-,completed,4.0,11.3,0.78
ENR-00451,STU-0055,MAC-BU-7600,2026S,3.48,A-,completed,3.0,6.6,0.74
ENR-01273,STU-0055,MAC-COMP-8500,2026S,3.8,A,completed,4.0,11.1,0.74
ENR-01767,STU-0055,MAC-BU-8130,2026S,3.0,B,completed,5.0,9.5,0.51
ENR-02061,STU-0055,MAC-COMP-8500,2026S,3.8,A,completed,4.0,11.1,0.74
ENR-02555,STU-0055,MAC-BU-8130,2026S,3.0,B,completed,5.0,9.5,0.51
ENR-00445,STU-0055,MAC-COMP-8340,2026W,3.24,B+,completed,4.0,10.3,0.64
ENR-00447,STU-0055,MAC-COMP-8150,2026W,3.28,B+,completed,3.0,7.9,0.82
ENR-00448,STU-0055,MAC-COMP-8220,2026W,3.39,A-,completed,5.0,7.4,0.92
ENR-00456,STU-0056,MAC-COMP-8110,2024F,3.43,A-,completed,4.0,12.1,0.83
ENR-00461,STU-0056,MAC-COMP-8250,2025S,3.63,A-,completed,4.0,10.9,0.89
ENR-00457,STU-0056,MAC-COMP-8220,2025W,3.95,A+,completed,4.0,13.3,0.67
ENR-00458,STU-0056,MAC-COMP-8470,2025W,2.97,B,completed,4.0,9.4,0.91
ENR-00459,STU-0056,MAC-COMP-8340,2025W,3.28,B+,completed,4.0,12.9,0.49
ENR-00460,STU-0056,MAC-COMP-8150,2025W,3.27,B+,completed,5.0,7.6,0.87
ENR-01613,STU-0056,MAC-COMP-8740,2026F,3.0,B,completed,5.0,12.5,0.59
ENR-01773,STU-0056,MAC-BU-8130,2026F,3.33,B+,completed,3.0,13.7,0.65
ENR-02401,STU-0056,MAC-COMP-8740,2026F,3.0,B,completed,5.0,12.5,0.59
ENR-02561,STU-0056,MAC-BU-8130,2026F,3.33,B+,completed,3.0,13.7,0.65
ENR-01116,STU-0056,MAC-COMP-8207,2026S,3.8,A,completed,4.0,7.1,0.65
ENR-01633,STU-0056,MAC-COMP-8790,2026S,3.67,A-,completed,5.0,11.3,0.76
ENR-01904,STU-0056,MAC-COMP-8207,2026S,3.8,A,completed,4.0,7.1,0.65
ENR-02421,STU-0056,MAC-COMP-8790,2026S,3.67,A-,completed,5.0,11.3,0.76
ENR-00465,STU-0057,MAC-COMP-8110,2025F,3.85,A,completed,5.0,8.7,0.86
ENR-01101,STU-0057,MAC-COMP-8207,2025F,3.33,B+,completed,5.0,12.4,0.78
ENR-01305,STU-0057,MAC-COMP-8500,2025F,3.33,B+,completed,4.0,12.3,0.41
ENR-01353,STU-0057,MAC-COMP-8540,2025F,3.67,A-,completed,3.0,12.0,0.56
ENR-01889,STU-0057,MAC-COMP-8207,2025F,3.33,B+,completed,5.0,12.4,0.78
ENR-02093,STU-0057,MAC-COMP-8500,2025F,3.33,B+,completed,4.0,12.3,0.41
ENR-02141,STU-0057,MAC-COMP-8540,2025F,3.67,A-,completed,3.0,12.0,0.56
ENR-01193,STU-0057,MAC-COMP-8390,2025S,3.8,A,completed,4.0,10.6,0.8
ENR-01239,STU-0057,MAC-COMP-8490,2025S,2.67,B-,completed,4.0,13.7,0.49
ENR-01981,STU-0057,MAC-COMP-8390,2025S,3.8,A,completed,4.0,10.6,0.8
ENR-02027,STU-0057,MAC-COMP-8490,2025S,2.67,B-,completed,4.0,13.7,0.49
ENR-00473,STU-0057,MAC-BU-7500,2026F,3.06,B+,completed,5.0,11.0,0.84
ENR-00475,STU-0057,MAC-COMP-8780,2026F,2.8,B,completed,4.0,9.8,0.7
ENR-00476,STU-0057,MAC-COMP-8890,2026F,2.16,C+,completed,4.0,8.8,0.57
ENR-01786,STU-0057,MAC-BU-8140,2026F,4.0,A+,completed,3.0,9.7,0.78
ENR-02574,STU-0057,MAC-BU-8140,2026F,4.0,A+,completed,3.0,9.7,0.78
ENR-00470,STU-0057,MAC-COMP-8220,2026S,3.49,A-,completed,5.0,9.6,0.72
ENR-00471,STU-0057,MAC-BU-7700,2026S,3.01,B+,completed,4.0,11.8,0.82
ENR-00477,STU-0058,MAC-COMP-8110,2024F,3.76,A,completed,3.0,11.5,0.51
ENR-01058,STU-0058,MAC-COMP-8130,2025F,3.8,A,completed,3.0,7.5,0.69
ENR-01387,STU-0058,MAC-COMP-8570,2025F,3.33,B+,completed,4.0,13.9,0.69
ENR-01846,STU-0058,MAC-COMP-8130,2025F,3.8,A,completed,3.0,7.5,0.69
ENR-02175,STU-0058,MAC-COMP-8570,2025F,3.33,B+,completed,4.0,13.9,0.69
ENR-00482,STU-0058,MAC-COMP-8340,2025S,3.21,B+,completed,4.0,8.2,0.64
ENR-00483,STU-0058,MAC-BU-7700,2025S,3.21,B+,completed,4.0,13.1,0.76
ENR-00478,STU-0058,MAC-COMP-8220,2025W,3.97,A+,completed,4.0,6.5,0.65
ENR-00479,STU-0058,MAC-COMP-8150,2025W,3.18,B+,completed,4.0,13.5,0.94
ENR-00480,STU-0058,MAC-COMP-8470,2025W,3.6,A-,completed,4.0,9.6,0.71
ENR-00481,STU-0058,MAC-COMP-8250,2025W,2.44,B-,completed,3.0,8.2,0.51
ENR-00486,STU-0059,MAC-COMP-8110,2024F,3.79,A,completed,3.0,12.9,0.54
ENR-01218,STU-0059,MAC-COMP-8490,2025F,3.33,B+,completed,4.0,10.5,0.72
ENR-02006,STU-0059,MAC-COMP-8490,2025F,3.33,B+,completed,4.0,10.5,0.72
ENR-00493,STU-0059,MAC-BU-7500,2025S,3.26,B+,completed,4.0,14.0,0.62
ENR-00494,STU-0059,MAC-COMP-8890,2025S,3.45,A-,completed,5.0,6.7,0.82
ENR-01134,STU-0059,MAC-COMP-8380,2025S,3.67,A-,completed,5.0,8.4,0.62
ENR-01629,STU-0059,MAC-COMP-8740,2025S,3.67,A-,completed,5.0,11.4,0.74
ENR-01922,STU-0059,MAC-COMP-8380,2025S,3.67,A-,completed,5.0,8.4,0.62
ENR-02417,STU-0059,MAC-COMP-8740,2025S,3.67,A-,completed,5.0,11.4,0.74
ENR-00487,STU-0059,MAC-COMP-8150,2025W,3.74,A,completed,3.0,12.9,0.48
ENR-00488,STU-0059,MAC-COMP-8250,2025W,3.0,B+,completed,4.0,13.5,0.76
ENR-00490,STU-0059,MAC-COMP-8220,2025W,3.21,B+,completed,3.0,10.6,0.78
ENR-01172,STU-0059,MAC-COMP-8390,2026S,3.0,B,completed,3.0,9.1,0.77
ENR-01390,STU-0059,MAC-COMP-8570,2026S,3.33,B+,completed,3.0,12.3,0.58
ENR-01795,STU-0059,MAC-BU-8140,2026S,3.67,A-,completed,4.0,6.8,0.49
ENR-01960,STU-0059,MAC-COMP-8390,2026S,3.0,B,completed,3.0,9.1,0.77
ENR-00495,STU-0060,MAC-COMP-8110,2025F,3.08,B+,completed,3.0,6.6,0.66
ENR-01736,STU-0060,MAC-BU-8130,2025F,3.67,A-,completed,3.0,6.6,0.75
ENR-02524,STU-0060,MAC-BU-8130,2025F,3.67,A-,completed,3.0,6.6,0.75
ENR-01356,STU-0060,MAC-COMP-8540,2025S,3.33,B+,completed,5.0,14.0,0.62
ENR-02144,STU-0060,MAC-COMP-8540,2025S,3.33,B+,completed,5.0,14.0,0.62
ENR-01184,STU-0060,MAC-COMP-8390,2026F,3.33,B+,completed,3.0,11.5,0.67
ENR-01972,STU-0060,MAC-COMP-8390,2026F,3.33,B+,completed,3.0,11.5,0.67
ENR-00501,STU-0060,MAC-BU-7600,2026S,3.22,B+,completed,5.0,9.9,0.49
ENR-00503,STU-0060,MAC-COMP-8890,2026S,2.8,B,completed,4.0,8.0,0.64
ENR-00504,STU-0061,MAC-COMP-8110,2025F,3.02,B+,completed,5.0,7.2,0.48
ENR-00507,STU-0061,MAC-COMP-8220,2026W,3.01,B+,completed,3.0,9.9,0.48
ENR-01574,STU-0061,MAC-COMP-8700,2026W,3.67,A-,completed,5.0,8.4,0.45
ENR-01586,STU-0061,MAC-COMP-8740,2026W,3.33,B+,completed,3.0,9.1,0.67
ENR-00509,STU-0062,MAC-COMP-8110,2025F,3.37,A-,completed,5.0,10.5,0.53
ENR-01716,STU-0062,MAC-BU-8120,2025F,3.67,A-,completed,4.0,12.0,0.9
ENR-02504,STU-0062,MAC-BU-8120,2025F,3.67,A-,completed,4.0,12.0,0.9
ENR-01556,STU-0062,MAC-COMP-8700,2025S,2.33,C+,completed,5.0,8.7,0.58
ENR-02344,STU-0062,MAC-COMP-8700,2025S,2.33,C+,completed,5.0,8.7,0.58
ENR-00520,STU-0062,MAC-COMP-8890,2026F,3.36,A-,completed,5.0,13.9,0.58
ENR-01147,STU-0062,MAC-COMP-8380,2026F,3.33,B+,completed,5.0,13.9,0.57
ENR-01935,STU-0062,MAC-COMP-8380,2026F,3.33,B+,completed,5.0,13.9,0.57
ENR-00514,STU-0062,MAC-COMP-8470,2026S,3.48,A-,completed,3.0,6.3,0.56
ENR-00515,STU-0062,MAC-BU-7700,2026S,4.0,A+,completed,4.0,6.0,0.47
ENR-00516,STU-0062,MAC-BU-7600,2026S,3.39,A-,completed,4.0,9.1,0.79
ENR-01789,STU-0062,MAC-BU-8140,2026S,3.0,B,completed,4.0,9.4,0.63
ENR-02577,STU-0062,MAC-BU-8140,2026S,3.0,B,completed,4.0,9.4,0.63
ENR-00526,STU-0063,MAC-COMP-8340,2025F,3.06,B+,completed,5.0,8.7,0.67
ENR-00527,STU-0063,MAC-COMP-8470,2025F,3.35,A-,completed,4.0,7.6,0.72
ENR-00528,STU-0063,MAC-BU-7700,2025F,3.17,B+,completed,3.0,8.2,0.47
ENR-01084,STU-0063,MAC-COMP-8207,2025F,4.0,A+,completed,5.0,10.6,0.94
ENR-01638,STU-0063,MAC-COMP-8790,2025F,3.67,A-,completed,3.0,11.5,0.66
ENR-01872,STU-0063,MAC-COMP-8207,2025F,4.0,A+,completed,5.0,10.6,0.94
ENR-02426,STU-0063,MAC-COMP-8790,2025F,3.67,A-,completed,3.0,11.5,0.66
ENR-00522,STU-0063,MAC-COMP-8150,2025S,3.55,A-,completed,5.0,9.2,0.79
ENR-00523,STU-0063,MAC-COMP-8250,2025S,3.78,A,completed,3.0,6.1,0.86
ENR-00524,STU-0063,MAC-COMP-8220,2025S,4.0,A+,completed,3.0,13.9,0.6
ENR-01384,STU-0063,MAC-COMP-8570,2025S,3.33,B+,completed,5.0,8.0,0.42
ENR-01491,STU-0063,MAC-COMP-8610,2025S,3.8,A,completed,3.0,13.9,0.63
ENR-02172,STU-0063,MAC-COMP-8570,2025S,3.33,B+,completed,5.0,8.0,0.42
ENR-02279,STU-0063,MAC-COMP-8610,2025S,3.8,A,completed,3.0,13.9,0.63
ENR-00521,STU-0063,MAC-COMP-8110,2025W,2.51,B-,completed,4.0,11.2,0.47
ENR-01438,STU-0063,MAC-COMP-8590,2026S,3.0,B,completed,4.0,13.7,0.56
ENR-02226,STU-0063,MAC-COMP-8590,2026S,3.0,B,completed,4.0,13.7,0.56
ENR-00529,STU-0063,MAC-BU-7500,2026W,3.58,A-,completed,3.0,8.9,0.52
ENR-00533,STU-0064,MAC-COMP-8110,2024F,3.19,B+,completed,3.0,6.8,0.95
ENR-00542,STU-0064,MAC-BU-7500,2025F,3.24,B+,completed,3.0,9.0,0.59
ENR-00543,STU-0064,MAC-COMP-8830,2025F,2.74,B,completed,4.0,6.2,0.66
ENR-00538,STU-0064,MAC-COMP-8150,2025S,3.57,A-,completed,3.0,12.7,0.62
ENR-00539,STU-0064,MAC-COMP-8250,2025S,3.64,A-,completed,4.0,7.6,0.86
ENR-00540,STU-0064,MAC-BU-7700,2025S,3.28,B+,completed,5.0,11.4,0.61
ENR-01164,STU-0064,MAC-COMP-8390,2025S,2.67,B-,completed,4.0,11.2,0.48
ENR-01952,STU-0064,MAC-COMP-8390,2025S,2.67,B-,completed,4.0,11.2,0.48
ENR-00534,STU-0064,MAC-COMP-8470,2025W,3.84,A,completed,4.0,13.9,0.6
ENR-00535,STU-0064,MAC-COMP-8220,2025W,3.28,B+,completed,4.0,11.2,0.95
ENR-00545,STU-0065,MAC-COMP-8110,2025F,4.0,A+,completed,5.0,13.9,0.81
ENR-01593,STU-0065,MAC-COMP-8740,2025F,3.33,B+,completed,5.0,13.3,0.62
ENR-02381,STU-0065,MAC-COMP-8740,2025F,3.33,B+,completed,5.0,13.3,0.62
ENR-01047,STU-0065,MAC-COMP-8130,2025S,3.8,A,completed,5.0,7.9,0.71
ENR-01835,STU-0065,MAC-COMP-8130,2025S,3.8,A,completed,5.0,7.9,0.71
ENR-01562,STU-0065,MAC-COMP-8700,2026F,3.67,A-,completed,3.0,6.8,0.67
ENR-02350,STU-0065,MAC-COMP-8700,2026F,3.67,A-,completed,3.0,6.8,0.67
ENR-01291,STU-0065,MAC-COMP-8500,2026S,3.33,B+,completed,5.0,7.3,0.64
ENR-01428,STU-0065,MAC-COMP-8590,2026S,3.33,B+,completed,3.0,9.6,0.71
ENR-00555,STU-0066,MAC-COMP-8150,2025F,3.35,A-,completed,3.0,9.3,0.68
ENR-00556,STU-0066,MAC-BU-7700,2025F,3.04,B+,completed,3.0,13.7,0.6
ENR-00557,STU-0066,MAC-BU-7600,2025F,3.25,B+,completed,5.0,10.6,0.85
ENR-01509,STU-0066,MAC-COMP-8640,2025F,2.67,B-,completed,5.0,9.0,0.81
ENR-01719,STU-0066,MAC-BU-8130,2025F,3.0,B,completed,5.0,13.1,0.51
ENR-02297,STU-0066,MAC-COMP-8640,2025F,2.67,B-,completed,5.0,9.0,0.81
ENR-02507,STU-0066,MAC-BU-8130,2025F,3.0,B,completed,5.0,13.1,0.51
ENR-00551,STU-0066,MAC-COMP-8470,2025S,2.74,B,completed,3.0,13.6,0.54
ENR-00552,STU-0066,MAC-COMP-8340,2025S,3.19,B+,completed,4.0,13.9,0.69
ENR-00553,STU-0066,MAC-COMP-8220,2025S,3.19,B+,completed,4.0,8.2,0.89
ENR-00554,STU-0066,MAC-COMP-8250,2025S,3.74,A,completed,4.0,6.2,0.58
ENR-00550,STU-0066,MAC-COMP-8110,2025W,3.38,A-,completed,3.0,8.4,0.75
ENR-01274,STU-0066,MAC-COMP-8500,2026F,3.67,A-,completed,3.0,6.1,0.68
ENR-02062,STU-0066,MAC-COMP-8500,2026F,3.67,A-,completed,3.0,6.1,0.68
ENR-01180,STU-0066,MAC-COMP-8390,2026S,3.0,B,completed,3.0,13.8,0.82
ENR-01968,STU-0066,MAC-COMP-8390,2026S,3.0,B,completed,3.0,13.8,0.82
ENR-00562,STU-0067,MAC-COMP-8110,2024F,3.2,B+,completed,4.0,8.1,0.49
ENR-01595,STU-0067,MAC-COMP-8740,2025F,3.33,B+,completed,3.0,12.2,0.69
ENR-02383,STU-0067,MAC-COMP-8740,2025F,3.33,B+,completed,3.0,12.2,0.69
ENR-01188,STU-0067,MAC-COMP-8390,2025S,3.33,B+,completed,5.0,7.9,0.71
ENR-01976,STU-0067,MAC-COMP-8390,2025S,3.33,B+,completed,5.0,7.9,0.71
ENR-00563,STU-0067,MAC-COMP-8250,2025W,3.59,A-,completed,5.0,6.1,0.61
ENR-00564,STU-0067,MAC-COMP-8220,2025W,3.56,A-,completed,5.0,13.0,0.49
ENR-01812,STU-0067,MAC-BU-8140,2026F,3.33,B+,completed,5.0,7.4,0.73
ENR-02600,STU-0067,MAC-BU-8140,2026F,3.33,B+,completed,5.0,7.4,0.73
ENR-00577,STU-0068,MAC-COMP-8720,2025F,2.97,B,completed,3.0,11.6,0.57
ENR-00578,STU-0068,MAC-COMP-8890,2025F,3.26,B+,completed,4.0,10.0,0.71
ENR-01269,STU-0068,MAC-COMP-8500,2025F,3.0,B,completed,5.0,7.1,0.56
ENR-01575,STU-0068,MAC-COMP-8700,2025F,3.8,A,completed,5.0,6.4,0.4
ENR-02057,STU-0068,MAC-COMP-8500,2025F,3.0,B,completed,5.0,7.1,0.56
ENR-02363,STU-0068,MAC-COMP-8700,2025F,3.8,A,completed,5.0,6.4,0.4
ENR-00572,STU-0068,MAC-COMP-8220,2025S,3.42,A-,completed,3.0,6.2,0.76
ENR-00573,STU-0068,MAC-COMP-8250,2025S,2.97,B,completed,5.0,13.5,0.54
ENR-00574,STU-0068,MAC-COMP-8150,2025S,2.8,B,completed,4.0,13.8,0.85
ENR-00568,STU-0068,MAC-COMP-8110,2025W,3.67,A-,completed,3.0,8.5,0.66
ENR-00569,STU-0068,MAC-BU-7500,2025W,3.07,B+,completed,5.0,12.9,0.71
ENR-00579,STU-0069,MAC-COMP-8110,2024F,3.06,B+,completed,4.0,11.5,0.62
ENR-01780,STU-0069,MAC-BU-8140,2025F,3.0,B,completed,3.0,12.7,0.6
ENR-02568,STU-0069,MAC-BU-8140,2025F,3.0,B,completed,3.0,12.7,0.6
ENR-00585,STU-0069,MAC-COMP-8250,2025S,3.39,A-,completed,4.0,6.7,0.62
ENR-00586,STU-0069,MAC-BU-7600,2025S,3.06,B+,completed,4.0,9.6,0.73
ENR-00587,STU-0069,MAC-COMP-8890,2025S,2.89,B,completed,4.0,11.1,0.48
ENR-01145,STU-0069,MAC-COMP-8380,2025S,3.0,B,completed,5.0,14.0,0.47
ENR-01514,STU-0069,MAC-COMP-8640,2025S,3.67,A-,completed,4.0,6.4,0.87
ENR-01933,STU-0069,MAC-COMP-8380,2025S,3.0,B,completed,5.0,14.0,0.47
ENR-02302,STU-0069,MAC-COMP-8640,2025S,3.67,A-,completed,4.0,6.4,0.87
ENR-00580,STU-0069,MAC-COMP-8220,2025W,3.09,B+,completed,3.0,12.3,0.82
ENR-00582,STU-0069,MAC-COMP-8470,2025W,3.11,B+,completed,5.0,11.7,0.93
ENR-00583,STU-0069,MAC-COMP-8340,2025W,2.72,B,completed,3.0,12.6,0.83
ENR-01441,STU-0069,MAC-COMP-8590,2026S,3.0,B,completed,5.0,13.5,0.52
ENR-00593,STU-0070,MAC-COMP-8220,2025F,3.03,B+,completed,4.0,12.4,0.78
ENR-00594,STU-0070,MAC-COMP-8250,2025F,3.7,A,completed,3.0,8.5,0.59
ENR-00595,STU-0070,MAC-BU-7500,2025F,3.86,A,completed,4.0,9.9,0.8
ENR-00589,STU-0070,MAC-COMP-8470,2025S,3.33,A-,completed,4.0,7.4,0.62
ENR-00591,STU-0070,MAC-COMP-8340,2025S,2.95,B,completed,3.0,12.0,0.64
ENR-00592,STU-0070,MAC-COMP-8150,2025S,3.64,A-,completed,4.0,8.2,0.71
ENR-01710,STU-0070,MAC-BU-8120,2025S,3.67,A-,completed,5.0,8.9,0.68
ENR-02498,STU-0070,MAC-BU-8120,2025S,3.67,A-,completed,5.0,8.9,0.68
ENR-00588,STU-0070,MAC-COMP-8110,2025W,3.54,A-,completed,5.0,13.3,0.8
ENR-01038,STU-0070,MAC-COMP-8130,2026F,3.67,A-,completed,3.0,9.4,0.72
ENR-01110,STU-0070,MAC-COMP-8207,2026F,2.67,B-,completed,5.0,13.6,0.41
ENR-01292,STU-0070,MAC-COMP-8500,2026F,2.0,C,completed,3.0,14.0,0.55
ENR-01549,STU-0070,MAC-COMP-8700,2026F,3.67,A-,completed,5.0,8.5,0.81
ENR-01826,STU-0070,MAC-COMP-8130,2026F,3.67,A-,completed,3.0,9.4,0.72
ENR-01898,STU-0070,MAC-COMP-8207,2026F,2.67,B-,completed,5.0,13.6,0.41
ENR-02080,STU-0070,MAC-COMP-8500,2026F,2.0,C,completed,3.0,14.0,0.55
ENR-00605,STU-0071,MAC-COMP-8340,2025F,3.47,A-,completed,5.0,9.0,0.88
ENR-00606,STU-0071,MAC-COMP-8250,2025F,3.49,A-,completed,4.0,10.8,0.81
ENR-00607,STU-0071,MAC-BU-7700,2025F,3.92,A+,completed,5.0,8.3,0.5
ENR-00602,STU-0071,MAC-COMP-8220,2025S,2.95,B,completed,5.0,9.7,0.69
ENR-00603,STU-0071,MAC-COMP-8150,2025S,3.71,A,completed,4.0,10.6,0.73
ENR-00604,STU-0071,MAC-COMP-8470,2025S,3.75,A,completed,3.0,13.2,0.64
ENR-01102,STU-0071,MAC-COMP-8207,2025S,3.0,B,completed,5.0,9.7,0.84
ENR-01890,STU-0071,MAC-COMP-8207,2025S,3.0,B,completed,5.0,9.7,0.84
ENR-00600,STU-0071,MAC-COMP-8110,2025W,3.61,A-,completed,4.0,7.1,0.56
ENR-01170,STU-0071,MAC-COMP-8390,2026S,2.0,C,completed,3.0,13.5,0.88
ENR-01442,STU-0071,MAC-COMP-8590,2026S,3.67,A-,completed,4.0,11.4,0.48
ENR-01690,STU-0071,MAC-BU-8120,2026S,3.8,A,completed,4.0,8.2,0.55
ENR-01735,STU-0071,MAC-BU-8130,2026S,2.67,B-,completed,4.0,13.1,0.4
ENR-01050,STU-0072,MAC-COMP-8130,2025F,3.0,B,completed,4.0,11.7,0.62
ENR-01314,STU-0072,MAC-COMP-8500,2025F,3.8,A,completed,5.0,11.0,0.74
ENR-01838,STU-0072,MAC-COMP-8130,2025F,3.0,B,completed,4.0,11.7,0.62
ENR-02102,STU-0072,MAC-COMP-8500,2025F,3.8,A,completed,5.0,11.0,0.74
ENR-00613,STU-0072,MAC-COMP-8150,2025S,3.49,A-,completed,5.0,10.1,0.88
ENR-00615,STU-0072,MAC-COMP-8220,2025S,3.77,A,completed,5.0,8.7,0.89
ENR-01397,STU-0072,MAC-COMP-8570,2025S,3.0,B,completed,5.0,7.7,0.5
ENR-01715,STU-0072,MAC-BU-8120,2025S,3.33,B+,completed,3.0,6.0,0.73
ENR-02185,STU-0072,MAC-COMP-8570,2025S,3.0,B,completed,5.0,7.7,0.5
ENR-02503,STU-0072,MAC-BU-8120,2025S,3.33,B+,completed,3.0,6.0,0.73
ENR-00617,STU-0073,MAC-COMP-8110,2025F,3.77,A,completed,4.0,13.9,0.6
ENR-01160,STU-0073,MAC-COMP-8380,2025F,3.0,B,completed,3.0,14.0,0.64
ENR-01948,STU-0073,MAC-COMP-8380,2025F,3.0,B,completed,3.0,14.0,0.64
ENR-01561,STU-0073,MAC-COMP-8700,2025S,3.0,B,completed,5.0,7.5,0.58
ENR-02349,STU-0073,MAC-COMP-8700,2025S,3.0,B,completed,5.0,7.5,0.58
ENR-01319,STU-0073,MAC-COMP-8540,2026S,4.0,A+,completed,4.0,10.0,0.57
ENR-02107,STU-0073,MAC-COMP-8540,2026S,4.0,A+,completed,4.0,10.0,0.57
ENR-00618,STU-0073,MAC-COMP-8470,2026W,3.23,B+,completed,4.0,11.9,0.45
ENR-00619,STU-0073,MAC-COMP-8250,2026W,3.05,B+,completed,4.0,7.4,0.51
ENR-00620,STU-0073,MAC-COMP-8340,2026W,3.49,A-,completed,4.0,8.5,0.75
ENR-00622,STU-0074,MAC-COMP-8110,2025F,3.51,A-,completed,4.0,12.3,0.56
ENR-01594,STU-0074,MAC-COMP-8740,2025S,3.67,A-,completed,5.0,10.1,0.49
ENR-02382,STU-0074,MAC-COMP-8740,2025S,3.67,A-,completed,5.0,10.1,0.49
ENR-01328,STU-0074,MAC-COMP-8540,2026F,3.33,B+,completed,4.0,9.7,0.73
ENR-01480,STU-0074,MAC-COMP-8610,2026F,3.0,B,completed,5.0,6.0,0.83
ENR-02116,STU-0074,MAC-COMP-8540,2026F,3.33,B+,completed,4.0,9.7,0.73
ENR-02268,STU-0074,MAC-COMP-8610,2026F,3.0,B,completed,5.0,6.0,0.83
ENR-01783,STU-0074,MAC-BU-8140,2026S,3.33,B+,completed,4.0,7.5,0.82
ENR-00627,STU-0075,MAC-COMP-8110,2024F,3.24,B+,completed,4.0,6.6,0.53
ENR-01746,STU-0075,MAC-BU-8130,2025F,2.67,B-,completed,5.0,6.9,0.51
ENR-02534,STU-0075,MAC-BU-8130,2025F,2.67,B-,completed,5.0,6.9,0.51
ENR-01383,STU-0075,MAC-COMP-8570,2025S,3.33,B+,completed,4.0,7.9,0.44
ENR-01577,STU-0075,MAC-COMP-8700,2025S,3.0,B,completed,4.0,9.8,0.46
ENR-02171,STU-0075,MAC-COMP-8570,2025S,3.33,B+,completed,4.0,7.9,0.44
ENR-02365,STU-0075,MAC-COMP-8700,2025S,3.0,B,completed,4.0,9.8,0.46
ENR-00632,STU-0076,MAC-COMP-8110,2024F,2.98,B,completed,3.0,9.5,0.82
ENR-01225,STU-0076,MAC-COMP-8490,2025F,2.67,B-,completed,4.0,8.2,0.82
ENR-01361,STU-0076,MAC-COMP-8540,2025F,2.67,B-,completed,4.0,7.4,0.87
ENR-01798,STU-0076,MAC-BU-8140,2025F,3.33,B+,completed,4.0,10.6,0.76
ENR-02013,STU-0076,MAC-COMP-8490,2025F,2.67,B-,completed,4.0,8.2,0.82
ENR-02149,STU-0076,MAC-COMP-8540,2025F,2.67,B-,completed,4.0,7.4,0.87
ENR-02586,STU-0076,MAC-BU-8140,2025F,3.33,B+,completed,4.0,10.6,0.76
ENR-01517,STU-0076,MAC-COMP-8640,2025S,3.0,B,completed,3.0,10.6,0.47
ENR-01631,STU-0076,MAC-COMP-8740,2025S,3.0,B,completed,5.0,8.4,0.56
ENR-02305,STU-0076,MAC-COMP-8640,2025S,3.0,B,completed,3.0,10.6,0.47
ENR-02419,STU-0076,MAC-COMP-8740,2025S,3.0,B,completed,5.0,8.4,0.56
ENR-00633,STU-0076,MAC-COMP-8150,2025W,2.75,B,completed,5.0,6.5,0.94
ENR-00635,STU-0076,MAC-COMP-8340,2025W,2.91,B,completed,5.0,7.3,0.47
ENR-01040,STU-0076,MAC-COMP-8130,2026S,3.33,B+,completed,4.0,10.8,0.61
ENR-00637,STU-0077,MAC-COMP-8110,2025F,3.01,B+,completed,4.0,13.9,0.84
ENR-01495,STU-0077,MAC-COMP-8610,2025F,3.33,B+,completed,3.0,9.5,0.8
ENR-02283,STU-0077,MAC-COMP-8610,2025F,3.33,B+,completed,3.0,9.5,0.8
ENR-01667,STU-0077,MAC-COMP-8790,2025S,3.67,A-,completed,5.0,12.1,0.52
ENR-02455,STU-0077,MAC-COMP-8790,2025S,3.67,A-,completed,5.0,12.1,0.52
ENR-00643,STU-0077,MAC-BU-7500,2026S,2.52,B-,completed,5.0,8.7,0.73
ENR-01299,STU-0077,MAC-COMP-8500,2026S,3.8,A,completed,4.0,10.1,0.9
ENR-02087,STU-0077,MAC-COMP-8500,2026S,3.8,A,completed,4.0,10.1,0.9
ENR-00638,STU-0077,MAC-COMP-8470,2026W,3.22,B+,completed,4.0,7.6,0.63
ENR-00646,STU-0078,MAC-COMP-8110,2025F,3.97,A+,completed,3.0,12.9,0.8
ENR-01316,STU-0078,MAC-COMP-8540,2025F,3.67,A-,completed,5.0,6.8,0.56
ENR-02104,STU-0078,MAC-COMP-8540,2025F,3.67,A-,completed,5.0,6.8,0.56
ENR-01048,STU-0078,MAC-COMP-8130,2025S,3.8,A,completed,5.0,13.8,0.69
ENR-01836,STU-0078,MAC-COMP-8130,2025S,3.8,A,completed,5.0,13.8,0.69
ENR-01537,STU-0078,MAC-COMP-8640,2026F,3.33,B+,completed,3.0,12.0,0.54
ENR-01683,STU-0078,MAC-BU-8120,2026F,3.33,B+,completed,3.0,12.9,0.81
ENR-01766,STU-0078,MAC-BU-8130,2026F,3.8,A,completed,3.0,8.3,0.93
ENR-02325,STU-0078,MAC-COMP-8640,2026F,3.33,B+,completed,3.0,12.0,0.54
ENR-02471,STU-0078,MAC-BU-8120,2026F,3.33,B+,completed,3.0,12.9,0.81
ENR-02554,STU-0078,MAC-BU-8130,2026F,3.8,A,completed,3.0,8.3,0.93
ENR-00655,STU-0079,MAC-COMP-8110,2025F,3.14,B+,completed,3.0,12.3,0.82
ENR-01121,STU-0079,MAC-COMP-8207,2025S,3.33,B+,completed,3.0,11.0,0.53
ENR-01909,STU-0079,MAC-COMP-8207,2025S,3.33,B+,completed,3.0,11.0,0.53
ENR-01724,STU-0079,MAC-BU-8130,2026F,3.33,B+,completed,5.0,10.1,0.62
ENR-02512,STU-0079,MAC-BU-8130,2026F,3.33,B+,completed,5.0,10.1,0.62
ENR-01435,STU-0079,MAC-COMP-8590,2026S,3.0,B,completed,4.0,8.7,0.74
ENR-01466,STU-0079,MAC-COMP-8610,2026S,3.8,A,completed,5.0,10.4,0.46
ENR-02223,STU-0079,MAC-COMP-8590,2026S,3.0,B,completed,4.0,8.7,0.74
ENR-02254,STU-0079,MAC-COMP-8610,2026S,3.8,A,completed,5.0,10.4,0.46
ENR-00657,STU-0079,MAC-COMP-8150,2026W,3.49,A-,completed,4.0,12.8,0.86
ENR-01143,STU-0079,MAC-COMP-8380,2026W,3.0,B,completed,4.0,13.5,0.66
ENR-00660,STU-0080,MAC-COMP-8110,2025F,3.12,B+,completed,4.0,10.2,0.7
ENR-01756,STU-0080,MAC-BU-8130,2025F,3.67,A-,completed,5.0,9.4,0.72
ENR-02544,STU-0080,MAC-BU-8130,2025F,3.67,A-,completed,5.0,9.4,0.72
ENR-01599,STU-0080,MAC-COMP-8740,2026F,3.33,B+,completed,5.0,9.6,0.93
ENR-02387,STU-0080,MAC-COMP-8740,2026F,3.33,B+,completed,5.0,9.6,0.93
ENR-01699,STU-0080,MAC-BU-8120,2026S,4.0,A+,completed,5.0,8.1,0.8
ENR-02487,STU-0080,MAC-BU-8120,2026S,4.0,A+,completed,5.0,8.1,0.8
ENR-00661,STU-0080,MAC-COMP-8250,2026W,3.43,A-,completed,3.0,13.0,0.8
ENR-00662,STU-0080,MAC-COMP-8470,2026W,3.64,A-,completed,4.0,6.1,0.81
ENR-00663,STU-0080,MAC-COMP-8340,2026W,3.61,A-,completed,3.0,7.1,0.77
ENR-00665,STU-0081,MAC-COMP-8110,2024F,2.76,B,completed,3.0,6.1,0.95
ENR-01192,STU-0081,MAC-COMP-8390,2025F,3.33,B+,completed,4.0,11.0,0.9
ENR-01980,STU-0081,MAC-COMP-8390,2025F,3.33,B+,completed,4.0,11.0,0.9
ENR-00673,STU-0081,MAC-COMP-8890,2025S,2.94,B,completed,4.0,6.1,0.78
ENR-01421,STU-0081,MAC-COMP-8590,2025S,3.67,A-,completed,5.0,9.5,0.86
ENR-02209,STU-0081,MAC-COMP-8590,2025S,3.67,A-,completed,5.0,9.5,0.86
ENR-00666,STU-0081,MAC-COMP-8150,2025W,3.38,A-,completed,3.0,8.7,0.72
ENR-00667,STU-0081,MAC-COMP-8340,2025W,3.0,B+,completed,3.0,9.8,0.74
ENR-00668,STU-0081,MAC-COMP-8470,2025W,3.65,A-,completed,5.0,10.1,0.75
ENR-00669,STU-0081,MAC-COMP-8250,2025W,3.41,A-,completed,5.0,8.1,0.83
ENR-01547,STU-0081,MAC-COMP-8700,2026F,3.8,A,completed,3.0,12.5,0.9
ENR-01080,STU-0082,MAC-COMP-8207,2025F,3.67,A-,completed,3.0,7.6,0.91
ENR-01518,STU-0082,MAC-COMP-8640,2025F,2.33,C+,completed,3.0,12.4,0.94
ENR-01805,STU-0082,MAC-BU-8140,2025F,3.67,A-,completed,4.0,12.8,0.47
ENR-01868,STU-0082,MAC-COMP-8207,2025F,3.67,A-,completed,3.0,7.6,0.91
ENR-02306,STU-0082,MAC-COMP-8640,2025F,2.33,C+,completed,3.0,12.4,0.94
ENR-02593,STU-0082,MAC-BU-8140,2025F,3.67,A-,completed,4.0,12.8,0.47
ENR-00675,STU-0082,MAC-COMP-8150,2025S,3.9,A+,completed,3.0,12.6,0.56
ENR-00676,STU-0082,MAC-COMP-8470,2025S,3.17,B+,completed,4.0,8.7,0.59
ENR-00677,STU-0082,MAC-COMP-8250,2025S,4.0,A+,completed,5.0,6.4,0.76
ENR-00674,STU-0082,MAC-COMP-8110,2025W,3.42,A-,completed,3.0,9.2,0.69
ENR-01460,STU-0082,MAC-COMP-8610,2026F,2.0,C,completed,5.0,11.5,0.75
ENR-01711,STU-0082,MAC-BU-8120,2026F,3.33,B+,completed,4.0,6.7,0.82
ENR-02248,STU-0082,MAC-COMP-8610,2026F,2.0,C,completed,5.0,11.5,0.75
ENR-02499,STU-0082,MAC-BU-8120,2026F,3.33,B+,completed,4.0,6.7,0.82
ENR-00679,STU-0083,MAC-COMP-8110,2024F,3.57,A-,completed,5.0,9.4,0.84
ENR-00687,STU-0083,MAC-BU-7600,2025F,2.98,B,completed,5.0,12.0,0.5
ENR-00688,STU-0083,MAC-COMP-8780,2025F,3.01,B+,completed,3.0,6.4,0.61
ENR-01271,STU-0083,MAC-COMP-8500,2025F,3.33,B+,completed,3.0,10.4,0.8
ENR-01717,STU-0083,MAC-BU-8130,2025F,3.33,B+,completed,4.0,11.4,0.58
ENR-02059,STU-0083,MAC-COMP-8500,2025F,3.33,B+,completed,3.0,10.4,0.8
ENR-02505,STU-0083,MAC-BU-8130,2025F,3.33,B+,completed,4.0,11.4,0.58
ENR-00684,STU-0083,MAC-COMP-8340,2025S,4.0,A+,completed,4.0,9.1,0.85
ENR-00685,STU-0083,MAC-BU-7700,2025S,3.47,A-,completed,3.0,12.5,0.63
ENR-00686,STU-0083,MAC-BU-7500,2025S,3.02,B+,completed,4.0,9.3,0.79
ENR-01068,STU-0083,MAC-COMP-8130,2025S,3.33,B+,completed,3.0,13.5,0.71
ENR-01856,STU-0083,MAC-COMP-8130,2025S,3.33,B+,completed,3.0,13.5,0.71
ENR-00680,STU-0083,MAC-COMP-8220,2025W,2.64,B-,completed,5.0,11.7,0.83
ENR-00681,STU-0083,MAC-COMP-8150,2025W,3.65,A-,completed,5.0,10.0,0.53
ENR-00696,STU-0084,MAC-COMP-8340,2025F,3.46,A-,completed,4.0,7.8,0.64
ENR-00697,STU-0084,MAC-BU-7600,2025F,2.85,B,completed,4.0,13.0,0.87
ENR-00698,STU-0084,MAC-BU-7500,2025F,2.89,B,completed,3.0,8.9,0.86
ENR-01053,STU-0084,MAC-COMP-8130,2025F,3.67,A-,completed,5.0,6.5,0.42
ENR-01204,STU-0084,MAC-COMP-8490,2025F,3.8,A,completed,3.0,10.3,0.84
ENR-01659,STU-0084,MAC-COMP-8790,2025F,3.67,A-,completed,4.0,6.6,0.67
ENR-01707,STU-0084,MAC-BU-8120,2025F,3.33,B+,completed,4.0,13.3,0.62
ENR-01841,STU-0084,MAC-COMP-8130,2025F,3.67,A-,completed,5.0,6.5,0.42
ENR-01992,STU-0084,MAC-COMP-8490,2025F,3.8,A,completed,3.0,10.3,0.84
ENR-02447,STU-0084,MAC-COMP-8790,2025F,3.67,A-,completed,4.0,6.6,0.67
ENR-02495,STU-0084,MAC-BU-8120,2025F,3.33,B+,completed,4.0,13.3,0.62
ENR-00692,STU-0084,MAC-COMP-8220,2025S,3.21,B+,completed,3.0,13.2,0.86
ENR-00693,STU-0084,MAC-COMP-8250,2025S,2.36,B-,completed,5.0,7.2,0.65
ENR-00694,STU-0084,MAC-COMP-8150,2025S,3.39,A-,completed,5.0,13.7,0.66
ENR-00695,STU-0084,MAC-COMP-8470,2025S,2.97,B,completed,4.0,8.3,0.56
ENR-00691,STU-0084,MAC-COMP-8110,2025W,3.91,A+,completed,4.0,13.7,0.87
ENR-01752,STU-0084,MAC-BU-8130,2026F,3.33,B+,completed,3.0,6.8,0.47
ENR-00703,STU-0085,MAC-COMP-8110,2024F,3.26,B+,completed,3.0,6.5,0.46
ENR-01166,STU-0085,MAC-COMP-8390,2025F,3.33,B+,completed,3.0,9.1,0.91
ENR-01244,STU-0085,MAC-COMP-8490,2025F,3.8,A,completed,5.0,7.9,0.48
ENR-01954,STU-0085,MAC-COMP-8390,2025F,3.33,B+,completed,3.0,9.1,0.91
ENR-02032,STU-0085,MAC-COMP-8490,2025F,3.8,A,completed,5.0,7.9,0.48
ENR-01541,STU-0085,MAC-COMP-8640,2025S,3.67,A-,completed,3.0,13.2,0.86
ENR-02329,STU-0085,MAC-COMP-8640,2025S,3.67,A-,completed,3.0,13.2,0.86
ENR-00705,STU-0085,MAC-COMP-8250,2025W,3.57,A-,completed,5.0,11.5,0.86
ENR-00706,STU-0085,MAC-COMP-8220,2025W,3.77,A,completed,3.0,8.2,0.82
ENR-00708,STU-0086,MAC-COMP-8110,2025F,4.0,A+,completed,4.0,13.5,0.69
ENR-01415,STU-0086,MAC-COMP-8590,2025S,3.67,A-,completed,5.0,13.4,0.78
ENR-01540,STU-0086,MAC-COMP-8640,2025S,2.67,B-,completed,4.0,6.2,0.44
ENR-02203,STU-0086,MAC-COMP-8590,2025S,3.67,A-,completed,5.0,13.4,0.78
ENR-02328,STU-0086,MAC-COMP-8640,2025S,2.67,B-,completed,4.0,6.2,0.44
ENR-01490,STU-0086,MAC-COMP-8610,2026F,4.0,A+,completed,5.0,7.8,0.77
ENR-01668,STU-0086,MAC-COMP-8790,2026F,4.0,A+,completed,3.0,10.2,0.79
ENR-02278,STU-0086,MAC-COMP-8610,2026F,4.0,A+,completed,5.0,7.8,0.77
ENR-02456,STU-0086,MAC-COMP-8790,2026F,4.0,A+,completed,3.0,10.2,0.79
ENR-00713,STU-0086,MAC-COMP-8150,2026S,3.27,B+,completed,3.0,7.5,0.92
ENR-00715,STU-0086,MAC-BU-7600,2026S,3.2,B+,completed,3.0,13.0,0.67
ENR-01264,STU-0086,MAC-COMP-8500,2026S,3.8,A,completed,5.0,13.0,0.7
ENR-01704,STU-0087,MAC-BU-8120,2025F,2.33,C+,completed,4.0,10.3,0.79
ENR-02492,STU-0087,MAC-BU-8120,2025F,2.33,C+,completed,4.0,10.3,0.79
ENR-00718,STU-0087,MAC-COMP-8470,2025S,3.18,B+,completed,4.0,10.1,0.64
ENR-00719,STU-0087,MAC-COMP-8150,2025S,3.2,B+,completed,3.0,11.9,0.66
ENR-00720,STU-0087,MAC-COMP-8220,2025S,3.38,A-,completed,5.0,10.9,0.57
ENR-00721,STU-0087,MAC-COMP-8340,2025S,2.54,B-,completed,4.0,12.9,0.62
ENR-01807,STU-0087,MAC-BU-8140,2025S,3.8,A,completed,4.0,13.5,0.66
ENR-02595,STU-0087,MAC-BU-8140,2025S,3.8,A,completed,4.0,13.5,0.66
ENR-00717,STU-0087,MAC-COMP-8110,2025W,2.63,B-,completed,5.0,9.1,0.64
ENR-00726,STU-0088,MAC-COMP-8110,2024F,3.6,A-,completed,3.0,11.4,0.64
ENR-01268,STU-0088,MAC-COMP-8500,2025F,3.0,B,completed,5.0,6.2,0.91
ENR-01702,STU-0088,MAC-BU-8120,2025F,3.33,B+,completed,5.0,13.8,0.83
ENR-02056,STU-0088,MAC-COMP-8500,2025F,3.0,B,completed,5.0,6.2,0.91
ENR-02490,STU-0088,MAC-BU-8120,2025F,3.33,B+,completed,5.0,13.8,0.83
ENR-00731,STU-0088,MAC-COMP-8470,2025S,3.81,A,completed,5.0,7.4,0.88
ENR-00733,STU-0088,MAC-BU-7700,2025S,3.44,A-,completed,4.0,8.2,0.6
ENR-00734,STU-0088,MAC-COMP-8890,2025S,3.36,A-,completed,3.0,10.7,0.77
ENR-01796,STU-0088,MAC-BU-8140,2025S,3.67,A-,completed,5.0,9.6,0.58
ENR-02584,STU-0088,MAC-BU-8140,2025S,3.67,A-,completed,5.0,9.6,0.58
ENR-00727,STU-0088,MAC-COMP-8220,2025W,3.27,B+,completed,4.0,11.4,0.93
ENR-00728,STU-0088,MAC-COMP-8340,2025W,3.25,B+,completed,5.0,13.7,0.55
ENR-00729,STU-0088,MAC-COMP-8150,2025W,3.0,B+,completed,3.0,9.7,0.7
ENR-00730,STU-0088,MAC-COMP-8250,2025W,3.23,B+,completed,3.0,12.6,0.82
ENR-01635,STU-0088,MAC-COMP-8790,2026F,3.8,A,completed,3.0,6.9,0.46
ENR-02423,STU-0088,MAC-COMP-8790,2026F,3.8,A,completed,3.0,6.9,0.46
ENR-00735,STU-0089,MAC-COMP-8110,2024F,3.23,B+,completed,5.0,11.2,0.9
ENR-00743,STU-0089,MAC-BU-7700,2025F,2.76,B,completed,3.0,8.6,0.8
ENR-00744,STU-0089,MAC-COMP-8720,2025F,3.26,B+,completed,3.0,9.9,0.47
ENR-00746,STU-0089,MAC-COMP-8890,2025F,3.37,A-,completed,4.0,8.1,0.65
ENR-00740,STU-0089,MAC-COMP-8340,2025S,3.34,A-,completed,5.0,11.0,0.56
ENR-00741,STU-0089,MAC-BU-7500,2025S,3.09,B+,completed,3.0,6.1,0.55
ENR-00742,STU-0089,MAC-BU-7600,2025S,3.25,B+,completed,5.0,11.4,0.89
ENR-01762,STU-0089,MAC-BU-8130,2025S,3.67,A-,completed,5.0,7.7,0.62
ENR-02550,STU-0089,MAC-BU-8130,2025S,3.67,A-,completed,5.0,7.7,0.62
ENR-00736,STU-0089,MAC-COMP-8470,2025W,3.38,A-,completed,4.0,7.5,0.94
ENR-00737,STU-0089,MAC-COMP-8220,2025W,2.72,B,completed,4.0,12.9,0.69
ENR-00738,STU-0089,MAC-COMP-8150,2025W,3.49,A-,completed,3.0,12.6,0.92
ENR-00739,STU-0089,MAC-COMP-8250,2025W,3.33,A-,completed,4.0,13.4,0.72
ENR-01163,STU-0089,MAC-COMP-8390,2026F,3.67,A-,completed,3.0,6.1,0.62
ENR-01202,STU-0090,MAC-COMP-8490,2025F,3.67,A-,completed,3.0,6.5,0.82
ENR-01990,STU-0090,MAC-COMP-8490,2025F,3.67,A-,completed,3.0,6.5,0.82
ENR-00748,STU-0090,MAC-COMP-8150,2025S,3.34,A-,completed,3.0,9.2,0.53
ENR-00750,STU-0090,MAC-COMP-8250,2025S,3.75,A,completed,5.0,10.9,0.61
ENR-00747,STU-0090,MAC-COMP-8110,2025W,4.0,A+,completed,5.0,11.6,0.58
ENR-01054,STU-0090,MAC-COMP-8130,2026W,3.8,A,completed,5.0,11.4,0.52
ENR-01265,STU-0090,MAC-COMP-8500,2026W,3.33,B+,completed,5.0,6.7,0.49
ENR-01500,STU-0090,MAC-COMP-8610,2026W,3.8,A,completed,4.0,7.6,0.73
ENR-01526,STU-0090,MAC-COMP-8640,2026W,2.67,B-,completed,5.0,6.7,0.91
ENR-01684,STU-0090,MAC-BU-8120,2026W,3.67,A-,completed,4.0,11.5,0.43
ENR-00752,STU-0091,MAC-COMP-8110,2024F,3.04,B+,completed,3.0,11.1,0.68
ENR-01675,STU-0091,MAC-COMP-8790,2025F,3.67,A-,completed,5.0,11.8,0.47
ENR-02463,STU-0091,MAC-COMP-8790,2025F,3.67,A-,completed,5.0,11.8,0.47
ENR-01706,STU-0091,MAC-BU-8120,2025S,3.67,A-,completed,3.0,6.6,0.5
ENR-02494,STU-0091,MAC-BU-8120,2025S,3.67,A-,completed,3.0,6.6,0.5
ENR-00753,STU-0091,MAC-COMP-8150,2025W,3.33,A-,completed,3.0,8.0,0.77
ENR-00754,STU-0091,MAC-COMP-8470,2025W,3.57,A-,completed,5.0,13.9,0.92
ENR-00755,STU-0091,MAC-COMP-8220,2025W,2.76,B,completed,5.0,7.2,0.47
ENR-00756,STU-0091,MAC-COMP-8340,2025W,3.47,A-,completed,4.0,9.3,0.58
ENR-01243,STU-0091,MAC-COMP-8490,2026F,3.8,A,completed,4.0,11.1,0.69
ENR-02031,STU-0091,MAC-COMP-8490,2026F,3.8,A,completed,4.0,11.1,0.69
ENR-01424,STU-0091,MAC-COMP-8590,2026S,3.0,B,completed,5.0,6.7,0.74
ENR-02212,STU-0091,MAC-COMP-8590,2026S,3.0,B,completed,5.0,6.7,0.74
ENR-00757,STU-0092,MAC-COMP-8110,2025F,2.83,B,completed,4.0,10.1,0.76
ENR-01554,STU-0092,MAC-COMP-8700,2025S,3.8,A,completed,3.0,7.2,0.79
ENR-01658,STU-0092,MAC-COMP-8790,2025S,3.33,B+,completed,4.0,6.1,0.91
ENR-01692,STU-0092,MAC-BU-8120,2025S,3.0,B,completed,4.0,12.2,0.74
ENR-02342,STU-0092,MAC-COMP-8700,2025S,3.8,A,completed,3.0,7.2,0.79
ENR-02446,STU-0092,MAC-COMP-8790,2025S,3.33,B+,completed,4.0,6.1,0.91
ENR-02480,STU-0092,MAC-BU-8120,2025S,3.0,B,completed,4.0,12.2,0.74
ENR-01052,STU-0092,MAC-COMP-8130,2026F,3.8,A,completed,5.0,7.8,0.52
ENR-01254,STU-0092,MAC-COMP-8490,2026F,3.0,B,completed,4.0,11.2,0.42
ENR-01840,STU-0092,MAC-COMP-8130,2026F,3.8,A,completed,5.0,7.8,0.52
ENR-02042,STU-0092,MAC-COMP-8490,2026F,3.0,B,completed,4.0,11.2,0.42
ENR-00763,STU-0092,MAC-BU-7700,2026S,4.0,A+,completed,3.0,11.5,0.86
ENR-00765,STU-0092,MAC-COMP-8890,2026S,3.64,A-,completed,5.0,12.7,0.86
ENR-00766,STU-0093,MAC-COMP-8110,2024F,3.12,B+,completed,4.0,13.2,0.74
ENR-00767,STU-0093,MAC-COMP-8250,2025W,3.62,A-,completed,4.0,9.9,0.63
ENR-01401,STU-0093,MAC-COMP-8570,2026F,3.0,B,completed,5.0,13.1,0.66
ENR-02189,STU-0093,MAC-COMP-8570,2026F,3.0,B,completed,5.0,13.1,0.66
ENR-01348,STU-0093,MAC-COMP-8540,2026W,3.0,B,completed,4.0,12.0,0.52
ENR-00776,STU-0094,MAC-COMP-8250,2025F,3.89,A,completed,3.0,7.2,0.52
ENR-00777,STU-0094,MAC-BU-7600,2025F,3.21,B+,completed,3.0,10.2,0.85
ENR-00778,STU-0094,MAC-BU-7700,2025F,3.81,A,completed,4.0,11.2,0.58
ENR-00772,STU-0094,MAC-COMP-8340,2025S,3.21,B+,completed,5.0,9.0,0.69
ENR-00773,STU-0094,MAC-COMP-8150,2025S,3.04,B+,completed,4.0,7.5,0.46
ENR-00774,STU-0094,MAC-COMP-8220,2025S,3.1,B+,completed,3.0,10.9,0.94
ENR-00775,STU-0094,MAC-COMP-8470,2025S,2.77,B,completed,5.0,9.8,0.8
ENR-00771,STU-0094,MAC-COMP-8110,2025W,3.0,B+,completed,3.0,11.5,0.58
ENR-01528,STU-0094,MAC-COMP-8640,2026S,3.33,B+,completed,3.0,6.6,0.71
ENR-01648,STU-0094,MAC-COMP-8790,2026S,3.8,A,completed,5.0,11.2,0.84
ENR-02316,STU-0094,MAC-COMP-8640,2026S,3.33,B+,completed,3.0,6.6,0.71
ENR-00783,STU-0095,MAC-COMP-8110,2025F,2.86,B,completed,3.0,8.1,0.64
ENR-01029,STU-0095,MAC-COMP-8130,2025F,3.67,A-,completed,4.0,11.6,0.43
ENR-01456,STU-0095,MAC-COMP-8590,2025F,3.33,B+,completed,5.0,13.4,0.81
ENR-01817,STU-0095,MAC-COMP-8130,2025F,3.67,A-,completed,4.0,11.6,0.43
ENR-02244,STU-0095,MAC-COMP-8590,2025F,3.33,B+,completed,5.0,13.4,0.81
ENR-01100,STU-0095,MAC-COMP-8207,2025S,2.67,B-,completed,4.0,13.1,0.87
ENR-01465,STU-0095,MAC-COMP-8610,2025S,3.8,A,completed,4.0,8.2,0.7
ENR-01888,STU-0095,MAC-COMP-8207,2025S,2.67,B-,completed,4.0,13.1,0.87
ENR-02253,STU-0095,MAC-COMP-8610,2025S,3.8,A,completed,4.0,8.2,0.7
ENR-00792,STU-0095,MAC-COMP-8830,2026F,3.58,A-,completed,3.0,6.6,0.73
ENR-01158,STU-0095,MAC-COMP-8380,2026F,3.0,B,completed,4.0,10.7,0.41
ENR-01693,STU-0095,MAC-BU-8120,2026F,3.0,B,completed,5.0,10.4,0.44
ENR-01757,STU-0095,MAC-BU-8130,2026F,3.0,B,completed,3.0,8.9,0.55
ENR-01946,STU-0095,MAC-COMP-8380,2026F,3.0,B,completed,4.0,10.7,0.41
ENR-02481,STU-0095,MAC-BU-8120,2026F,3.0,B,completed,5.0,10.4,0.44
ENR-02545,STU-0095,MAC-BU-8130,2026F,3.0,B,completed,3.0,8.9,0.55
ENR-00788,STU-0095,MAC-COMP-8250,2026S,3.36,A-,completed,3.0,8.7,0.77
ENR-00795,STU-0096,MAC-COMP-8110,2024F,3.71,A,completed,4.0,11.4,0.63
ENR-00804,STU-0096,MAC-COMP-8830,2025F,3.51,A-,completed,3.0,6.9,0.57
ENR-01751,STU-0096,MAC-BU-8130,2025F,3.0,B,completed,4.0,13.5,0.67
ENR-02539,STU-0096,MAC-BU-8130,2025F,3.0,B,completed,4.0,13.5,0.67
ENR-00800,STU-0096,MAC-COMP-8470,2025S,3.53,A-,completed,4.0,9.3,0.8
ENR-00801,STU-0096,MAC-BU-7600,2025S,2.61,B-,completed,3.0,8.0,0.81
ENR-00802,STU-0096,MAC-BU-7700,2025S,3.32,A-,completed,5.0,12.0,0.86
ENR-00796,STU-0096,MAC-COMP-8340,2025W,2.49,B-,completed,5.0,11.4,0.57
ENR-00797,STU-0096,MAC-COMP-8150,2025W,3.16,B+,completed,5.0,13.9,0.53
ENR-00798,STU-0096,MAC-COMP-8250,2025W,3.84,A,completed,4.0,11.5,0.61
ENR-00799,STU-0096,MAC-COMP-8220,2025W,2.94,B,completed,5.0,7.3,0.54
ENR-00807,STU-0097,MAC-COMP-8110,2024F,3.73,A,completed,3.0,7.7,0.57
ENR-00816,STU-0097,MAC-COMP-8650,2025F,3.43,A-,completed,5.0,7.6,0.73
ENR-00817,STU-0097,MAC-COMP-8720,2025F,3.85,A,completed,4.0,11.5,0.5
ENR-01602,STU-0097,MAC-COMP-8740,2025F,3.33,B+,completed,3.0,11.4,0.55
ENR-01792,STU-0097,MAC-BU-8140,2025F,3.33,B+,completed,3.0,12.4,0.81
ENR-02390,STU-0097,MAC-COMP-8740,2025F,3.33,B+,completed,3.0,11.4,0.55
ENR-02580,STU-0097,MAC-BU-8140,2025F,3.33,B+,completed,3.0,12.4,0.81
ENR-00812,STU-0097,MAC-COMP-8220,2025S,3.21,B+,completed,5.0,10.1,0.57
ENR-00813,STU-0097,MAC-BU-7600,2025S,2.62,B-,completed,4.0,13.7,0.58
ENR-00814,STU-0097,MAC-BU-7500,2025S,3.23,B+,completed,5.0,7.9,0.47
ENR-00808,STU-0097,MAC-COMP-8340,2025W,3.28,B+,completed,3.0,12.6,0.68
ENR-00809,STU-0097,MAC-COMP-8250,2025W,3.47,A-,completed,5.0,9.0,0.69
ENR-00825,STU-0098,MAC-BU-7500,2025F,2.89,B,completed,4.0,13.1,0.5
ENR-00826,STU-0098,MAC-BU-7700,2025F,2.85,B,completed,5.0,6.8,0.92
ENR-01169,STU-0098,MAC-COMP-8390,2025F,3.67,A-,completed,5.0,9.6,0.67
ENR-01417,STU-0098,MAC-COMP-8590,2025F,3.67,A-,completed,3.0,12.0,0.79
ENR-01957,STU-0098,MAC-COMP-8390,2025F,3.67,A-,completed,5.0,9.6,0.67
ENR-02205,STU-0098,MAC-COMP-8590,2025F,3.67,A-,completed,3.0,12.0,0.79
ENR-00820,STU-0098,MAC-COMP-8470,2025S,3.61,A-,completed,3.0,12.7,0.83
ENR-00821,STU-0098,MAC-COMP-8250,2025S,3.51,A-,completed,4.0,10.3,0.79
ENR-00822,STU-0098,MAC-COMP-8150,2025S,2.72,B,completed,3.0,6.7,0.83
ENR-00833,STU-0099,MAC-COMP-8340,2025F,3.98,A+,completed,5.0,13.7,0.69
ENR-00834,STU-0099,MAC-COMP-8220,2025F,3.43,A-,completed,3.0,11.0,0.58
ENR-00835,STU-0099,MAC-COMP-8150,2025F,2.96,B,completed,5.0,10.2,0.57
ENR-01282,STU-0099,MAC-COMP-8500,2025F,3.0,B,completed,4.0,12.5,0.43
ENR-02070,STU-0099,MAC-COMP-8500,2025F,3.0,B,completed,4.0,12.5,0.43
ENR-00829,STU-0099,MAC-COMP-8110,2025S,3.89,A,completed,5.0,9.5,0.88
ENR-00830,STU-0099,MAC-BU-7500,2025S,3.21,B+,completed,5.0,12.4,0.76
ENR-00831,STU-0099,MAC-BU-7700,2025S,3.92,A+,completed,5.0,11.0,0.86
ENR-00832,STU-0099,MAC-BU-7600,2025S,4.0,A+,completed,5.0,8.8,0.68
ENR-01245,STU-0099,MAC-COMP-8490,2025S,3.33,B+,completed,5.0,7.4,0.83
ENR-02033,STU-0099,MAC-COMP-8490,2025S,3.33,B+,completed,5.0,7.4,0.83
ENR-01327,STU-0099,MAC-COMP-8540,2026S,3.8,A,completed,4.0,10.0,0.42
ENR-00845,STU-0100,MAC-COMP-8220,2025F,3.06,B+,completed,5.0,13.8,0.84
ENR-00846,STU-0100,MAC-BU-7700,2025F,3.61,A-,completed,3.0,9.1,0.63
ENR-00847,STU-0100,MAC-BU-7500,2025F,3.98,A+,completed,5.0,10.6,0.78
ENR-01670,STU-0100,MAC-COMP-8790,2025F,3.67,A-,completed,4.0,7.5,0.91
ENR-02458,STU-0100,MAC-COMP-8790,2025F,3.67,A-,completed,4.0,7.5,0.91
ENR-00841,STU-0100,MAC-COMP-8150,2025S,3.19,B+,completed,3.0,11.2,0.55
ENR-00842,STU-0100,MAC-COMP-8250,2025S,3.6,A-,completed,3.0,6.5,0.66
ENR-00843,STU-0100,MAC-COMP-8340,2025S,2.61,B-,completed,3.0,13.6,0.64
ENR-00844,STU-0100,MAC-COMP-8470,2025S,3.0,B+,completed,5.0,13.0,0.68
ENR-00840,STU-0100,MAC-COMP-8110,2025W,2.87,B,completed,3.0,10.8,0.83
ENR-01146,STU-0100,MAC-COMP-8380,2026F,3.33,B+,completed,4.0,7.8,0.69
ENR-01296,STU-0100,MAC-COMP-8500,2026F,3.67,A-,completed,4.0,7.2,0.65
ENR-01451,STU-0100,MAC-COMP-8590,2026F,2.0,C,completed,4.0,11.5,0.48
ENR-01934,STU-0100,MAC-COMP-8380,2026F,3.33,B+,completed,4.0,7.8,0.69
ENR-02084,STU-0100,MAC-COMP-8500,2026F,3.67,A-,completed,4.0,7.2,0.65
ENR-02239,STU-0100,MAC-COMP-8590,2026F,2.0,C,completed,4.0,11.5,0.48
ENR-01571,STU-0100,MAC-COMP-8700,2026S,3.0,B,completed,5.0,11.6,0.64
ENR-00852,STU-0101,MAC-COMP-8110,2024F,2.78,B,completed,4.0,7.0,0.9
ENR-00860,STU-0101,MAC-BU-7700,2025F,2.41,B-,completed,3.0,13.2,0.5
ENR-01117,STU-0101,MAC-COMP-8207,2025F,2.67,B-,completed,4.0,9.6,0.59
ENR-01226,STU-0101,MAC-COMP-8490,2025F,3.33,B+,completed,3.0,13.0,0.71
ENR-01553,STU-0101,MAC-COMP-8700,2025F,3.0,B,completed,4.0,8.7,0.5
ENR-01905,STU-0101,MAC-COMP-8207,2025F,2.67,B-,completed,4.0,9.6,0.59
ENR-02014,STU-0101,MAC-COMP-8490,2025F,3.33,B+,completed,3.0,13.0,0.71
ENR-02341,STU-0101,MAC-COMP-8700,2025F,3.0,B,completed,4.0,8.7,0.5
ENR-00857,STU-0101,MAC-COMP-8470,2025S,3.99,A+,completed,3.0,8.0,0.62
ENR-00858,STU-0101,MAC-BU-7600,2025S,3.04,B+,completed,4.0,7.1,0.53
ENR-00859,STU-0101,MAC-BU-7500,2025S,2.54,B-,completed,5.0,12.8,0.71
ENR-01159,STU-0101,MAC-COMP-8380,2025S,3.33,B+,completed,4.0,12.1,0.5
ENR-01947,STU-0101,MAC-COMP-8380,2025S,3.33,B+,completed,4.0,12.1,0.5
ENR-00853,STU-0101,MAC-COMP-8220,2025W,3.21,B+,completed,4.0,13.8,0.82
ENR-00854,STU-0101,MAC-COMP-8340,2025W,3.49,A-,completed,4.0,11.7,0.61
ENR-00855,STU-0101,MAC-COMP-8250,2025W,3.31,A-,completed,4.0,8.1,0.68
ENR-00869,STU-0102,MAC-COMP-8250,2025F,3.32,A-,completed,5.0,8.3,0.52
ENR-00870,STU-0102,MAC-BU-7500,2025F,3.29,B+,completed,5.0,12.8,0.57
ENR-00871,STU-0102,MAC-BU-7700,2025F,3.63,A-,completed,5.0,6.2,0.72
ENR-00865,STU-0102,MAC-COMP-8150,2025S,3.23,B+,completed,3.0,7.6,0.52
ENR-00866,STU-0102,MAC-COMP-8340,2025S,2.94,B,completed,3.0,10.1,0.49
ENR-00867,STU-0102,MAC-COMP-8220,2025S,2.57,B-,completed,3.0,13.7,0.67
ENR-00868,STU-0102,MAC-COMP-8470,2025S,3.09,B+,completed,4.0,13.2,0.69
ENR-01067,STU-0102,MAC-COMP-8130,2025S,3.8,A,completed,3.0,12.8,0.44
ENR-01738,STU-0102,MAC-BU-8130,2025S,3.67,A-,completed,3.0,9.9,0.66
ENR-01855,STU-0102,MAC-COMP-8130,2025S,3.8,A,completed,3.0,12.8,0.44
ENR-02526,STU-0102,MAC-BU-8130,2025S,3.67,A-,completed,3.0,9.9,0.66
ENR-00864,STU-0102,MAC-COMP-8110,2025W,2.98,B,completed,5.0,8.3,0.76
ENR-01444,STU-0102,MAC-COMP-8590,2026F,2.67,B-,completed,5.0,9.2,0.68
ENR-02232,STU-0102,MAC-COMP-8590,2026F,2.67,B-,completed,5.0,9.2,0.68
ENR-00876,STU-0103,MAC-COMP-8110,2024F,3.08,B+,completed,5.0,10.8,0.76
ENR-01596,STU-0103,MAC-COMP-8740,2025F,3.33,B+,completed,4.0,12.7,0.54
ENR-02384,STU-0103,MAC-COMP-8740,2025F,3.33,B+,completed,4.0,12.7,0.54
ENR-01237,STU-0103,MAC-COMP-8490,2025S,3.8,A,completed,4.0,9.5,0.65
ENR-02025,STU-0103,MAC-COMP-8490,2025S,3.8,A,completed,4.0,9.5,0.65
ENR-00877,STU-0103,MAC-COMP-8150,2025W,3.21,B+,completed,3.0,7.3,0.48
ENR-00878,STU-0103,MAC-COMP-8250,2025W,3.93,A+,completed,5.0,10.0,0.46
ENR-00879,STU-0103,MAC-COMP-8340,2025W,2.87,B,completed,4.0,13.3,0.63
ENR-00880,STU-0103,MAC-COMP-8220,2025W,3.32,A-,completed,4.0,8.2,0.7
ENR-01315,STU-0103,MAC-COMP-8500,2026F,3.0,B,completed,5.0,13.5,0.48
ENR-02103,STU-0103,MAC-COMP-8500,2026F,3.0,B,completed,5.0,13.5,0.48
ENR-01548,STU-0103,MAC-COMP-8700,2026S,3.0,B,completed,3.0,8.8,0.86
ENR-02336,STU-0103,MAC-COMP-8700,2026S,3.0,B,completed,3.0,8.8,0.86
ENR-00881,STU-0104,MAC-COMP-8110,2025F,3.17,B+,completed,5.0,6.7,0.84
ENR-01144,STU-0104,MAC-COMP-8380,2025S,3.8,A,completed,5.0,10.6,0.78
ENR-01308,STU-0104,MAC-COMP-8500,2025S,3.8,A,completed,4.0,7.0,0.57
ENR-01932,STU-0104,MAC-COMP-8380,2025S,3.8,A,completed,5.0,10.6,0.78
ENR-02096,STU-0104,MAC-COMP-8500,2025S,3.8,A,completed,4.0,7.0,0.57
ENR-01049,STU-0104,MAC-COMP-8130,2026F,3.33,B+,completed,3.0,7.3,0.69
ENR-01252,STU-0104,MAC-COMP-8490,2026F,3.33,B+,completed,3.0,11.2,0.58
ENR-01388,STU-0104,MAC-COMP-8570,2026F,2.67,B-,completed,5.0,13.6,0.88
ENR-01837,STU-0104,MAC-COMP-8130,2026F,3.33,B+,completed,3.0,7.3,0.69
ENR-02040,STU-0104,MAC-COMP-8490,2026F,3.33,B+,completed,3.0,11.2,0.58
ENR-02176,STU-0104,MAC-COMP-8570,2026F,2.67,B-,completed,5.0,13.6,0.88
ENR-00887,STU-0104,MAC-BU-7700,2026S,2.71,B,completed,5.0,8.7,0.91
ENR-00888,STU-0104,MAC-BU-7500,2026S,3.3,A-,completed,4.0,11.5,0.67
ENR-01679,STU-0104,MAC-BU-8120,2026S,4.0,A+,completed,3.0,12.5,0.69
ENR-02467,STU-0104,MAC-BU-8120,2026S,4.0,A+,completed,3.0,12.5,0.69
ENR-00882,STU-0104,MAC-COMP-8250,2026W,3.27,B+,completed,4.0,13.6,0.75
ENR-00890,STU-0105,MAC-COMP-8110,2024F,3.38,A-,completed,5.0,11.7,0.86
ENR-01414,STU-0105,MAC-COMP-8590,2025F,2.67,B-,completed,4.0,7.7,0.88
ENR-02202,STU-0105,MAC-COMP-8590,2025F,2.67,B-,completed,4.0,7.7,0.88
ENR-01168,STU-0105,MAC-COMP-8390,2025S,3.33,B+,completed,5.0,8.3,0.56
ENR-01357,STU-0105,MAC-COMP-8540,2025S,3.8,A,completed,4.0,6.1,0.71
ENR-01956,STU-0105,MAC-COMP-8390,2025S,3.33,B+,completed,5.0,8.3,0.56
ENR-02145,STU-0105,MAC-COMP-8540,2025S,3.8,A,completed,4.0,6.1,0.71
ENR-00893,STU-0105,MAC-COMP-8150,2025W,2.71,B,completed,4.0,13.8,0.74
ENR-00894,STU-0105,MAC-COMP-8470,2025W,3.76,A,completed,4.0,6.5,0.5
ENR-01396,STU-0105,MAC-COMP-8570,2026F,3.33,B+,completed,4.0,11.8,0.71
ENR-00895,STU-0106,MAC-COMP-8110,2025F,3.06,B+,completed,5.0,12.7,0.84
ENR-01277,STU-0106,MAC-COMP-8500,2026F,3.33,B+,completed,4.0,10.1,0.94
ENR-01800,STU-0106,MAC-BU-8140,2026F,3.8,A,completed,3.0,8.3,0.75
ENR-02065,STU-0106,MAC-COMP-8500,2026F,3.33,B+,completed,4.0,10.1,0.94
ENR-02588,STU-0106,MAC-BU-8140,2026F,3.8,A,completed,3.0,8.3,0.75
ENR-00900,STU-0106,MAC-COMP-8150,2026S,2.89,B,completed,4.0,12.8,0.95
ENR-00903,STU-0106,MAC-COMP-8890,2026S,2.96,B,completed,3.0,13.9,0.88
ENR-01063,STU-0106,MAC-COMP-8130,2026S,3.0,B,completed,5.0,8.3,0.78
ENR-01321,STU-0106,MAC-COMP-8540,2026S,3.0,B,completed,4.0,10.8,0.86
ENR-01394,STU-0106,MAC-COMP-8570,2026S,3.0,B,completed,3.0,12.8,0.45
ENR-01851,STU-0106,MAC-COMP-8130,2026S,3.0,B,completed,5.0,8.3,0.78
ENR-02109,STU-0106,MAC-COMP-8540,2026S,3.0,B,completed,4.0,10.8,0.86
ENR-02182,STU-0106,MAC-COMP-8570,2026S,3.0,B,completed,3.0,12.8,0.45
ENR-00909,STU-0107,MAC-COMP-8250,2025F,3.66,A-,completed,3.0,7.3,0.86
ENR-00910,STU-0107,MAC-COMP-8150,2025F,3.31,A-,completed,4.0,8.9,0.47
ENR-00911,STU-0107,MAC-COMP-8470,2025F,3.56,A-,completed,4.0,8.2,0.67
ENR-00906,STU-0107,MAC-COMP-8220,2025S,2.94,B,completed,3.0,8.2,0.88
ENR-00907,STU-0107,MAC-COMP-8340,2025S,2.92,B,completed,4.0,9.1,0.46
ENR-00904,STU-0107,MAC-COMP-8110,2025W,3.5,A-,completed,4.0,8.4,0.89
ENR-01496,STU-0107,MAC-COMP-8610,2026F,3.8,A,completed,3.0,11.5,0.87
ENR-01725,STU-0107,MAC-BU-8130,2026F,3.8,A,completed,3.0,11.5,0.82
ENR-02284,STU-0107,MAC-COMP-8610,2026F,3.8,A,completed,3.0,11.5,0.87
ENR-02513,STU-0107,MAC-BU-8130,2026F,3.8,A,completed,3.0,11.5,0.82
ENR-01059,STU-0107,MAC-COMP-8130,2026S,3.33,B+,completed,5.0,8.0,0.91
ENR-01104,STU-0107,MAC-COMP-8207,2026S,2.67,B-,completed,5.0,12.6,0.7
ENR-01266,STU-0107,MAC-COMP-8500,2026S,3.0,B,completed,4.0,6.7,0.9
ENR-01847,STU-0107,MAC-COMP-8130,2026S,3.33,B+,completed,5.0,8.0,0.91
ENR-00921,STU-0108,MAC-COMP-8150,2025F,3.45,A-,completed,4.0,9.5,0.71
ENR-00924,STU-0108,MAC-COMP-8890,2025F,3.13,B+,completed,3.0,6.4,0.85
ENR-01044,STU-0108,MAC-COMP-8130,2025F,3.33,B+,completed,5.0,10.1,0.46
ENR-01097,STU-0108,MAC-COMP-8207,2025F,4.0,A+,completed,4.0,12.5,0.48
ENR-01392,STU-0108,MAC-COMP-8570,2025F,3.33,B+,completed,4.0,12.4,0.9
ENR-01832,STU-0108,MAC-COMP-8130,2025F,3.33,B+,completed,5.0,10.1,0.46
ENR-01885,STU-0108,MAC-COMP-8207,2025F,4.0,A+,completed,4.0,12.5,0.48
ENR-02180,STU-0108,MAC-COMP-8570,2025F,3.33,B+,completed,4.0,12.4,0.9
ENR-00917,STU-0108,MAC-COMP-8470,2025S,3.74,A,completed,3.0,13.6,0.72
ENR-00918,STU-0108,MAC-COMP-8220,2025S,3.45,A-,completed,3.0,11.5,0.68
ENR-00919,STU-0108,MAC-COMP-8250,2025S,3.78,A,completed,4.0,6.1,0.58
ENR-00920,STU-0108,MAC-COMP-8340,2025S,3.08,B+,completed,5.0,13.3,0.69
ENR-00916,STU-0108,MAC-COMP-8110,2025W,2.75,B,completed,4.0,12.5,0.88
ENR-00926,STU-0109,MAC-COMP-8110,2025S,2.63,B-,completed,3.0,8.6,0.57
ENR-00927,STU-0109,MAC-BU-7700,2025S,2.79,B,completed,4.0,7.8,0.83
ENR-00928,STU-0109,MAC-BU-7600,2025S,3.9,A+,completed,5.0,12.9,0.58
ENR-00929,STU-0109,MAC-BU-7500,2025S,3.51,A-,completed,5.0,12.4,0.79
ENR-01538,STU-0109,MAC-COMP-8640,2025S,3.67,A-,completed,3.0,6.5,0.83
ENR-02326,STU-0109,MAC-COMP-8640,2025S,3.67,A-,completed,3.0,6.5,0.83
ENR-01651,STU-0109,MAC-COMP-8790,2026F,4.0,A+,completed,5.0,9.0,0.6
ENR-02439,STU-0109,MAC-COMP-8790,2026F,4.0,A+,completed,5.0,9.0,0.6
ENR-01055,STU-0109,MAC-COMP-8130,2026S,3.33,B+,completed,3.0,7.9,0.66
ENR-01086,STU-0109,MAC-COMP-8207,2026S,4.0,A+,completed,4.0,13.2,0.5
ENR-01231,STU-0109,MAC-COMP-8490,2026S,3.67,A-,completed,5.0,9.9,0.64
ENR-01412,STU-0109,MAC-COMP-8590,2026S,3.8,A,completed,4.0,6.4,0.41
ENR-01843,STU-0109,MAC-COMP-8130,2026S,3.33,B+,completed,3.0,7.9,0.66
ENR-01874,STU-0109,MAC-COMP-8207,2026S,4.0,A+,completed,4.0,13.2,0.5
ENR-02019,STU-0109,MAC-COMP-8490,2026S,3.67,A-,completed,5.0,9.9,0.64
ENR-00939,STU-0110,MAC-COMP-8250,2025F,3.03,B+,completed,5.0,12.2,0.93
ENR-00941,STU-0110,MAC-COMP-8220,2025F,3.53,A-,completed,5.0,11.5,0.74
ENR-01655,STU-0110,MAC-COMP-8790,2025F,3.67,A-,completed,5.0,13.8,0.77
ENR-01694,STU-0110,MAC-BU-8120,2025F,3.8,A,completed,5.0,10.2,0.83
ENR-02443,STU-0110,MAC-COMP-8790,2025F,3.67,A-,completed,5.0,13.8,0.77
ENR-02482,STU-0110,MAC-BU-8120,2025F,3.8,A,completed,5.0,10.2,0.83
ENR-00935,STU-0110,MAC-COMP-8110,2025S,3.27,B+,completed,5.0,8.0,0.5
ENR-00936,STU-0110,MAC-BU-7500,2025S,3.57,A-,completed,5.0,12.2,0.68
ENR-00937,STU-0110,MAC-BU-7700,2025S,3.42,A-,completed,3.0,11.2,0.69
ENR-00938,STU-0110,MAC-BU-7600,2025S,3.32,A-,completed,5.0,12.3,0.6
ENR-01081,STU-0110,MAC-COMP-8207,2025S,3.67,A-,completed,3.0,11.3,0.62
ENR-01150,STU-0110,MAC-COMP-8380,2025S,3.33,B+,completed,3.0,9.3,0.78
ENR-01869,STU-0110,MAC-COMP-8207,2025S,3.67,A-,completed,3.0,11.3,0.62
ENR-01938,STU-0110,MAC-COMP-8380,2025S,3.33,B+,completed,3.0,9.3,0.78
ENR-00943,STU-0111,MAC-COMP-8110,2025F,3.0,B+,completed,3.0,12.2,0.66
ENR-01407,STU-0111,MAC-COMP-8570,2025F,3.8,A,completed,5.0,7.1,0.7
ENR-02195,STU-0111,MAC-COMP-8570,2025F,3.8,A,completed,5.0,7.1,0.7
ENR-01322,STU-0111,MAC-COMP-8540,2025S,2.67,B-,completed,5.0,12.8,0.64
ENR-02110,STU-0111,MAC-COMP-8540,2025S,2.67,B-,completed,5.0,12.8,0.64
ENR-00948,STU-0111,MAC-COMP-8470,2026S,3.78,A,completed,5.0,8.9,0.51
ENR-01743,STU-0111,MAC-BU-8130,2026S,3.0,B,completed,5.0,12.9,0.49
ENR-02531,STU-0111,MAC-BU-8130,2026S,3.0,B,completed,5.0,12.9,0.49
ENR-00944,STU-0111,MAC-COMP-8150,2026W,3.53,A-,completed,4.0,7.3,0.77
ENR-00952,STU-0112,MAC-COMP-8110,2024F,4.0,A+,completed,5.0,10.8,0.63
ENR-01069,STU-0112,MAC-COMP-8130,2025S,3.33,B+,completed,4.0,9.4,0.72
ENR-01497,STU-0112,MAC-COMP-8610,2025S,2.33,C+,completed,4.0,10.7,0.61
ENR-01857,STU-0112,MAC-COMP-8130,2025S,3.33,B+,completed,4.0,9.4,0.72
ENR-02285,STU-0112,MAC-COMP-8610,2025S,2.33,C+,completed,4.0,10.7,0.61
ENR-00954,STU-0112,MAC-COMP-8470,2025W,3.02,B+,completed,4.0,12.2,0.85
ENR-00955,STU-0112,MAC-COMP-8220,2025W,3.67,A-,completed,5.0,12.2,0.73
ENR-00956,STU-0112,MAC-COMP-8250,2025W,3.46,A-,completed,4.0,6.6,0.75
ENR-01576,STU-0112,MAC-COMP-8700,2026F,3.67,A-,completed,5.0,9.8,0.45
ENR-01741,STU-0112,MAC-BU-8130,2026F,3.33,B+,completed,3.0,13.7,0.73
ENR-02364,STU-0112,MAC-COMP-8700,2026F,3.67,A-,completed,5.0,9.8,0.45
ENR-00957,STU-0113,MAC-COMP-8110,2024F,4.0,A+,completed,4.0,9.4,0.69
ENR-01236,STU-0113,MAC-COMP-8490,2025F,3.0,B,completed,3.0,10.0,0.86
ENR-01337,STU-0113,MAC-COMP-8540,2025F,3.8,A,completed,5.0,6.2,0.57
ENR-02024,STU-0113,MAC-COMP-8490,2025F,3.0,B,completed,3.0,10.0,0.86
ENR-02125,STU-0113,MAC-COMP-8540,2025F,3.8,A,completed,5.0,6.2,0.57
ENR-00962,STU-0113,MAC-COMP-8340,2025S,3.14,B+,completed,3.0,13.4,0.89
ENR-00964,STU-0113,MAC-BU-7600,2025S,3.17,B+,completed,3.0,13.9,0.46
ENR-01584,STU-0113,MAC-COMP-8740,2025S,3.33,B+,completed,3.0,9.3,0.48
ENR-02372,STU-0113,MAC-COMP-8740,2025S,3.33,B+,completed,3.0,9.3,0.48
ENR-00958,STU-0113,MAC-COMP-8250,2025W,3.39,A-,completed,5.0,7.1,0.56
ENR-00959,STU-0113,MAC-COMP-8150,2025W,3.6,A-,completed,3.0,9.2,0.78
ENR-00966,STU-0114,MAC-COMP-8110,2025F,3.59,A-,completed,3.0,8.5,0.6
ENR-01689,STU-0114,MAC-BU-8120,2025S,3.33,B+,completed,4.0,7.5,0.5
ENR-02477,STU-0114,MAC-BU-8120,2025S,3.33,B+,completed,4.0,7.5,0.5
ENR-01772,STU-0114,MAC-BU-8130,2026F,2.33,C+,completed,4.0,13.3,0.59
ENR-02560,STU-0114,MAC-BU-8130,2026F,2.33,C+,completed,4.0,13.3,0.59
ENR-00968,STU-0114,MAC-COMP-8150,2026W,3.57,A-,completed,3.0,12.4,0.8
ENR-00971,STU-0115,MAC-COMP-8110,2025F,3.29,B+,completed,4.0,8.1,0.69
ENR-01179,STU-0115,MAC-COMP-8390,2025F,2.0,C,completed,5.0,11.0,0.91
ENR-01498,STU-0115,MAC-COMP-8610,2025F,3.33,B+,completed,5.0,8.2,0.45
ENR-01624,STU-0115,MAC-COMP-8740,2025F,3.33,B+,completed,3.0,8.5,0.43
ENR-01967,STU-0115,MAC-COMP-8390,2025F,2.0,C,completed,5.0,11.0,0.91
ENR-02286,STU-0115,MAC-COMP-8610,2025F,3.33,B+,completed,5.0,8.2,0.45
ENR-02412,STU-0115,MAC-COMP-8740,2025F,3.33,B+,completed,3.0,8.5,0.43
ENR-01098,STU-0115,MAC-COMP-8207,2025S,3.33,B+,completed,5.0,9.6,0.89
ENR-01729,STU-0115,MAC-BU-8130,2025S,3.0,B,completed,4.0,11.3,0.68
ENR-01886,STU-0115,MAC-COMP-8207,2025S,3.33,B+,completed,5.0,9.6,0.89
ENR-02517,STU-0115,MAC-BU-8130,2025S,3.0,B,completed,4.0,11.3,0.68
ENR-00979,STU-0115,MAC-COMP-8890,2026S,3.19,B+,completed,5.0,13.6,0.69
ENR-01813,STU-0115,MAC-BU-8140,2026S,3.67,A-,completed,4.0,10.2,0.75
ENR-02601,STU-0115,MAC-BU-8140,2026S,3.67,A-,completed,4.0,10.2,0.75
ENR-00985,STU-0116,MAC-COMP-8470,2025F,3.38,A-,completed,4.0,6.8,0.47
ENR-00986,STU-0116,MAC-BU-7700,2025F,2.95,B,completed,4.0,6.6,0.56
ENR-00987,STU-0116,MAC-BU-7600,2025F,3.23,B+,completed,4.0,12.6,0.57
ENR-01443,STU-0116,MAC-COMP-8590,2025F,3.8,A,completed,5.0,11.7,0.83
ENR-02231,STU-0116,MAC-COMP-8590,2025F,3.8,A,completed,5.0,11.7,0.83
ENR-00981,STU-0116,MAC-COMP-8250,2025S,3.23,B+,completed,5.0,6.9,0.62
ENR-00982,STU-0116,MAC-COMP-8150,2025S,3.87,A,completed,5.0,8.4,0.49
ENR-00983,STU-0116,MAC-COMP-8340,2025S,2.64,B-,completed,3.0,11.2,0.52
ENR-00984,STU-0116,MAC-COMP-8220,2025S,2.89,B,completed,4.0,11.2,0.82
ENR-00980,STU-0116,MAC-COMP-8110,2025W,2.72,B,completed,3.0,9.4,0.82
ENR-01212,STU-0116,MAC-COMP-8490,2026F,3.33,B+,completed,4.0,11.7,0.61
ENR-01325,STU-0116,MAC-COMP-8540,2026F,2.33,C+,completed,4.0,11.4,0.47
ENR-02000,STU-0116,MAC-COMP-8490,2026F,3.33,B+,completed,4.0,11.7,0.61
ENR-02113,STU-0116,MAC-COMP-8540,2026F,2.33,C+,completed,4.0,11.4,0.47
ENR-01611,STU-0116,MAC-COMP-8740,2026S,3.0,B,completed,5.0,11.3,0.77
ENR-00992,STU-0117,MAC-COMP-8110,2025F,3.03,B+,completed,3.0,8.8,0.49
ENR-01060,STU-0117,MAC-COMP-8130,2025S,4.0,A+,completed,3.0,11.2,0.7
ENR-01848,STU-0117,MAC-COMP-8130,2025S,4.0,A+,completed,3.0,11.2,0.7
ENR-01784,STU-0117,MAC-BU-8140,2026F,3.33,B+,completed,5.0,7.0,0.69
ENR-02572,STU-0117,MAC-BU-8140,2026F,3.33,B+,completed,5.0,7.0,0.69
ENR-00999,STU-0117,MAC-BU-7500,2026S,3.09,B+,completed,3.0,8.9,0.89
ENR-00993,STU-0117,MAC-COMP-8340,2026W,3.8,A,completed,5.0,6.9,0.49
ENR-00994,STU-0117,MAC-COMP-8150,2026W,3.19,B+,completed,3.0,12.3,0.63
ENR-00995,STU-0117,MAC-COMP-8470,2026W,3.03,B+,completed,5.0,13.2,0.91
ENR-01001,STU-0118,MAC-COMP-8110,2025F,3.48,A-,completed,5.0,6.3,0.77
ENR-01191,STU-0118,MAC-COMP-8390,2025F,3.33,B+,completed,5.0,10.9,0.59
ENR-01230,STU-0118,MAC-COMP-8490,2025F,3.8,A,completed,4.0,12.0,0.43
ENR-01493,STU-0118,MAC-COMP-8610,2025F,2.67,B-,completed,5.0,9.1,0.85
ENR-01979,STU-0118,MAC-COMP-8390,2025F,3.33,B+,completed,5.0,10.9,0.59
ENR-02018,STU-0118,MAC-COMP-8490,2025F,3.8,A,completed,4.0,12.0,0.43
ENR-02281,STU-0118,MAC-COMP-8610,2025F,2.67,B-,completed,5.0,9.1,0.85
ENR-01510,STU-0118,MAC-COMP-8640,2025S,3.33,B+,completed,4.0,8.7,0.64
ENR-02298,STU-0118,MAC-COMP-8640,2025S,3.33,B+,completed,4.0,8.7,0.64
ENR-01128,STU-0118,MAC-COMP-8207,2026F,3.33,B+,completed,4.0,11.2,0.41
ENR-01916,STU-0118,MAC-COMP-8207,2026F,3.33,B+,completed,4.0,11.2,0.41
ENR-01333,STU-0118,MAC-COMP-8540,2026S,2.33,C+,completed,5.0,8.1,0.76
ENR-01557,STU-0118,MAC-COMP-8700,2026S,2.33,C+,completed,5.0,11.2,0.5
ENR-02121,STU-0118,MAC-COMP-8540,2026S,2.33,C+,completed,5.0,8.1,0.76
ENR-01043,STU-0119,MAC-COMP-8130,2025F,2.67,B-,completed,4.0,9.6,0.92
ENR-01831,STU-0119,MAC-COMP-8130,2025F,2.67,B-,completed,4.0,9.6,0.92
ENR-01123,STU-0119,MAC-COMP-8207,2025S,3.67,A-,completed,5.0,12.2,0.49
ENR-01446,STU-0119,MAC-COMP-8590,2025S,3.0,B,completed,3.0,6.9,0.54
ENR-01911,STU-0119,MAC-COMP-8207,2025S,3.67,A-,completed,5.0,12.2,0.49
ENR-02234,STU-0119,MAC-COMP-8590,2025S,3.0,B,completed,3.0,6.9,0.54
ENR-01014,STU-0119,MAC-COMP-8470,2026F,3.77,A,completed,5.0,6.2,0.59
ENR-01016,STU-0119,MAC-COMP-8720,2026F,3.21,B+,completed,5.0,12.8,0.68
ENR-01483,STU-0119,MAC-COMP-8610,2026F,2.67,B-,completed,3.0,12.8,0.83
ENR-02271,STU-0119,MAC-COMP-8610,2026F,2.67,B-,completed,3.0,12.8,0.83
ENR-01011,STU-0119,MAC-COMP-8220,2026S,2.5,B-,completed,3.0,9.8,0.52
ENR-01012,STU-0119,MAC-COMP-8340,2026S,3.53,A-,completed,3.0,12.7,0.57
ENR-01013,STU-0119,MAC-COMP-8250,2026S,3.18,B+,completed,4.0,13.6,0.81
ENR-01210,STU-0119,MAC-COMP-8490,2026S,2.67,B-,completed,3.0,11.5,0.67
ENR-01018,STU-0120,MAC-COMP-8110,2024F,3.6,A-,completed,4.0,10.2,0.73
ENR-01137,STU-0120,MAC-COMP-8380,2025F,2.33,C+,completed,5.0,8.5,0.81
ENR-01925,STU-0120,MAC-COMP-8380,2025F,2.33,C+,completed,5.0,8.5,0.81
ENR-01023,STU-0120,MAC-COMP-8340,2025S,3.24,B+,completed,4.0,6.5,0.68
ENR-01025,STU-0120,MAC-BU-7700,2025S,4.0,A+,completed,3.0,12.8,0.69
ENR-01026,STU-0120,MAC-COMP-8890,2025S,2.97,B,completed,4.0,12.3,0.68
ENR-01019,STU-0120,MAC-COMP-8220,2025W,3.2,B+,completed,5.0,6.9,0.88
ENR-01020,STU-0120,MAC-COMP-8250,2025W,3.48,A-,completed,3.0,8.1,0.6
ENR-01021,STU-0120,MAC-COMP-8150,2025W,3.17,B+,completed,5.0,13.0,0.76
ENR-01022,STU-0120,MAC-COMP-8470,2025W,3.99,A+,completed,3.0,12.9,0.58
ENR-01431,STU-0120,MAC-COMP-8590,2026F,3.8,A,completed,4.0,10.2,0.78
ENR-02219,STU-0120,MAC-COMP-8590,2026F,3.8,A,completed,4.0,10.2,0.78
ENR-01222,STU-0120,MAC-COMP-8490,2026S,3.0,B,completed,4.0,7.8,0.46
ENR-01459,STU-0120,MAC-COMP-8610,2026S,3.67,A-,completed,3.0,9.3,0.48
ENR-02010,STU-0120,MAC-COMP-8490,2026S,3.0,B,completed,4.0,7.8,0.46
